id,passenger_name,age,gender,train_no,booking_type,source,destination,coach,seat_no,fare,travel_date,ticket_status
1,Nert Spitell,54,Female,84471,Direct,Salem,Madurai,A2,53,224,1/17/2026,Confirmed
2,Lelah Manston,76,Genderfluid,75255,Tatkal,Coimbatore,Chennai,B1,41,2102,9/1/2018,Waiting
3,Lodovico Dicke,36,Male,88415,Counter,Tirunelveli,Salem,S1,29,2117,3/26/2025,RAC
4,Ruperta Talloe,16,Female,96439,Online,Chennai,Trichy,A1,52,1932,3/10/2019,Waiting
5,Daveen Wakeley,37,Genderfluid,80648,Direct,Tirunelveli,Trichy,D1,24,713,7/25/2020,Cancelled
6,Che Critchell,66,Male,34406,Counter,Coimbatore,Chennai,S2,67,1955,9/17/2021,Cancelled
7,Cori Fortnon,38,Female,87429,Online,Madurai,Tirunelveli,B1,6,2373,9/1/2019,Waiting
8,Jada Fasset,46,Female,53932,Tatkal,Hyderabad,Trichy,A1,12,974,12/2/2020,Confirmed
9,Dniren Huriche,48,Female,8299,Direct,Bangalore,Hyderabad,A1,44,2207,3/20/2020,Cancelled
10,Caprice Strowlger,19,Female,52314,Online,Tirunelveli,Trichy,S1,8,1111,10/11/2021,Cancelled
11,Bernhard Gotling,19,Male,22098,Direct,Hyderabad,Chennai,D1,56,954,12/12/2022,RAC
12,Stu Myhill,38,Male,99790,Online,Hyderabad,Chennai,D1,60,211,1/10/2025,Cancelled
13,Edouard Garnham,24,Male,1300,Counter,Chennai,Hyderabad,S2,64,397,10/26/2022,Cancelled
14,Tracey Rollings,12,Male,52313,Tatkal,Erode,Coimbatore,S1,5,268,4/18/2022,Waiting
15,Avril Ciani,52,Female,49365,Direct,Coimbatore,Hyderabad,D1,19,1272,10/2/2019,Confirmed
16,Haleigh Kinney,76,Female,21126,Tatkal,Coimbatore,Coimbatore,A2,10,648,11/14/2024,RAC
17,Wendie Santus,29,Female,50626,Direct,Bangalore,Tirunelveli,S1,25,514,9/4/2019,Waiting
18,Noami Efford,31,Female,93762,Direct,Hyderabad,Coimbatore,S3,10,728,10/4/2023,Confirmed
19,Pandora Kellie,14,Female,44594,Tatkal,Hyderabad,Salem,A2,63,248,4/20/2022,RAC
20,Homer Vasentsov,23,Male,52338,Tatkal,Coimbatore,Erode,S2,46,2206,7/14/2018,Cancelled
21,Amye Cradick,69,Female,88309,Online,Tirunelveli,Chennai,S1,71,109,3/4/2024,Cancelled
22,Ilise Blakeney,25,Female,84030,Online,Erode,Bangalore,A2,16,1766,10/3/2022,Confirmed
23,Janela Plank,33,Female,60665,Direct,Madurai,Hyderabad,S3,15,1693,1/7/2024,Cancelled
24,Addie Clemonts,25,Female,99304,Tatkal,Trichy,Erode,S2,8,1727,7/16/2018,RAC
25,Hebert Dobrovolski,8,Male,75438,Direct,Erode,Salem,S2,30,2207,10/17/2025,Cancelled
26,Niven Trobey,60,Male,11073,Counter,Erode,Erode,A2,36,124,2/24/2021,Confirmed
27,Augustine Hagyard,53,Female,64987,Tatkal,Chennai,Madurai,B1,65,2205,8/12/2024,RAC
28,Katleen Ollerearnshaw,22,Female,70471,Direct,Erode,Erode,S3,50,699,1/3/2025,RAC
29,Deck Shayes,27,Male,50554,Online,Trichy,Coimbatore,S1,31,489,8/9/2025,Waiting
30,Lonny Piotrowski,64,Male,25539,Counter,Hyderabad,Tirunelveli,S2,21,278,5/11/2025,Waiting
31,Travis Crannis,29,Male,53737,Tatkal,Bangalore,Trichy,A1,18,1582,8/30/2018,Waiting
32,Candi Mea,76,Female,85605,Online,Tirunelveli,Chennai,A2,1,1088,8/2/2018,RAC
33,Emelita Leggis,39,Female,97845,Counter,Trichy,Coimbatore,A2,59,1854,5/26/2025,Cancelled
34,Bartholomeo Herion,9,Polygender,13512,Counter,Tirunelveli,Salem,A1,5,732,9/7/2022,Confirmed
35,Ogden Elmhirst,44,Male,80389,Tatkal,Salem,Trichy,B1,40,834,11/22/2025,Confirmed
36,Annemarie Tappin,23,Female,63938,Direct,Hyderabad,Madurai,D1,1,822,1/28/2022,Confirmed
37,Benson Fortey,45,Male,97191,Counter,Bangalore,Coimbatore,S2,8,810,4/10/2022,Cancelled
38,Ilyssa Rumney,55,Female,97941,Tatkal,Trichy,Coimbatore,D1,16,1971,8/5/2019,Confirmed
39,Taddeo Steddall,54,Male,46651,Tatkal,Salem,Chennai,D1,13,410,4/27/2019,Cancelled
40,Miller Watting,68,Male,30991,Online,Erode,Coimbatore,A2,5,592,6/15/2021,Waiting
41,Sutherland Shingler,62,Male,41410,Tatkal,Coimbatore,Trichy,S1,1,1773,3/27/2023,Cancelled
42,Meggie Twede,17,Non-binary,52404,Tatkal,Chennai,Madurai,A1,12,1093,4/15/2020,Cancelled
43,Erroll Wyon,11,Male,28239,Counter,Bangalore,Madurai,B1,66,1811,4/25/2022,Waiting
44,Nichol McGready,31,Female,56482,Online,Madurai,Bangalore,A1,15,1137,9/19/2025,RAC
45,Cort McKeating,5,Male,67374,Direct,Madurai,Chennai,S1,57,2110,6/20/2020,Cancelled
46,Che Roly,8,Agender,96262,Counter,Salem,Bangalore,S3,11,1515,11/3/2019,RAC
47,Euell Tunaclift,61,Male,37866,Direct,Erode,Salem,S1,12,254,8/4/2019,Waiting
48,Wally Leckie,47,Male,75316,Counter,Salem,Bangalore,B1,62,351,2/15/2020,Cancelled
49,Baudoin Vickars,39,Male,58688,Direct,Hyderabad,Coimbatore,S2,46,1665,8/18/2025,Waiting
50,Dannel Metts,66,Male,17746,Online,Trichy,Madurai,S3,39,769,8/3/2022,Cancelled
51,Leola Mattevi,39,Genderqueer,52471,Online,Chennai,Coimbatore,D1,25,1898,5/5/2022,RAC
52,Laina Toynbee,53,Female,25699,Tatkal,Erode,Salem,B1,43,714,1/6/2021,Confirmed
53,Dulcine Dewitt,53,Female,46895,Tatkal,Hyderabad,Bangalore,A2,19,1160,10/16/2024,Waiting
54,Antone Panas,53,Male,34808,Tatkal,Coimbatore,Coimbatore,D1,44,2355,6/23/2019,Confirmed
55,Benoit Costello,19,Male,96855,Online,Erode,Bangalore,D1,44,1215,1/29/2026,Confirmed
56,Arel Rignoldes,56,Male,3028,Tatkal,Chennai,Erode,S1,20,2326,3/7/2023,Waiting
57,Randy Lemmen,62,Male,89065,Counter,Chennai,Bangalore,S3,57,996,5/23/2024,RAC
58,Yves Castiello,41,Male,85811,Online,Bangalore,Coimbatore,A1,55,1686,5/8/2024,Waiting
59,Lorrie Vaun,20,Female,26153,Online,Salem,Hyderabad,B1,4,2408,10/11/2019,Waiting
60,Gwynne Ziemsen,58,Female,68669,Counter,Chennai,Coimbatore,S3,70,431,10/27/2021,Cancelled
61,Artair Grestye,68,Male,69033,Counter,Coimbatore,Madurai,S2,48,363,10/23/2019,Cancelled
62,Dud Boughtwood,10,Male,50682,Counter,Madurai,Bangalore,B1,53,1916,11/21/2019,Confirmed
63,Catharina Madge,73,Female,4252,Direct,Tirunelveli,Salem,A2,1,2108,11/25/2021,Waiting
64,Pansie Axel,6,Female,43920,Direct,Erode,Salem,S2,7,2019,10/3/2023,Cancelled
65,Jordon McGrill,71,Male,13868,Tatkal,Trichy,Erode,S3,39,1826,10/29/2019,Waiting
66,Erin Jenteau,19,Male,7578,Online,Madurai,Bangalore,A2,48,732,5/21/2019,Cancelled
67,Trisha Sisson,39,Female,35912,Tatkal,Hyderabad,Erode,B1,6,2042,11/9/2025,Waiting
68,Conrade Litherland,53,Male,29101,Tatkal,Tirunelveli,Bangalore,B1,31,2371,1/4/2019,RAC
69,Dorita Frude,74,Female,35584,Tatkal,Chennai,Bangalore,A1,3,1347,12/13/2019,Waiting
70,Keelby Bettleson,48,Male,60385,Online,Bangalore,Bangalore,A2,12,2413,11/13/2023,Waiting
71,Kiley Hastings,78,Female,65679,Counter,Tirunelveli,Erode,D1,48,1402,4/21/2023,Cancelled
72,Candide Fewell,60,Female,46919,Direct,Erode,Erode,A2,13,1812,3/25/2022,Confirmed
73,Nissie Gummary,70,Female,21755,Tatkal,Bangalore,Salem,D1,54,2441,7/16/2025,RAC
74,Eugene Tylor,72,Male,19921,Tatkal,Trichy,Salem,D1,26,1196,4/8/2022,Cancelled
75,Renaud Ranklin,18,Male,17058,Counter,Hyderabad,Hyderabad,S2,4,548,10/13/2020,Confirmed
76,June Nutley,78,Female,21043,Online,Hyderabad,Tirunelveli,A2,57,623,12/25/2023,RAC
77,Rozanna Nelmes,36,Female,56651,Counter,Chennai,Trichy,A2,71,1057,9/17/2020,Confirmed
78,Neil Mays,68,Male,92293,Tatkal,Chennai,Chennai,A1,36,2081,1/5/2019,Waiting
79,Kimberlyn Bish,11,Female,34511,Tatkal,Erode,Coimbatore,S1,40,1406,4/9/2025,Waiting
80,Jervis Osselton,48,Genderqueer,60614,Online,Coimbatore,Trichy,S3,42,679,11/28/2018,Waiting
81,Stacy Melson,76,Female,32975,Direct,Salem,Chennai,A1,25,708,6/2/2024,RAC
82,Sunny Pavluk,57,Genderqueer,31701,Tatkal,Tirunelveli,Trichy,A2,1,2123,6/15/2021,Confirmed
83,Beale Gosnoll,51,Male,20020,Online,Tirunelveli,Erode,D1,11,1145,4/29/2022,Confirmed
84,Sim Brosenius,14,Male,38054,Online,Bangalore,Hyderabad,B1,61,2002,4/28/2021,RAC
85,Darya Nulty,57,Female,90658,Tatkal,Tirunelveli,Madurai,A1,66,885,5/11/2023,Confirmed
86,Dougy Wooler,26,Non-binary,14599,Counter,Chennai,Bangalore,B1,52,1195,1/17/2019,Cancelled
87,Maryann Kairns,22,Female,52636,Tatkal,Coimbatore,Bangalore,S2,57,1248,12/3/2022,RAC
88,Sherm Cripps,48,Male,46383,Online,Erode,Hyderabad,A2,71,1414,4/10/2019,Cancelled
89,Sebastien Althrop,56,Male,41833,Direct,Trichy,Madurai,D1,26,1638,8/11/2018,Waiting
90,Tandy O'Scannill,8,Polygender,43005,Online,Bangalore,Hyderabad,A2,68,226,5/25/2023,RAC
91,Shandeigh Drewell,34,Female,89440,Direct,Salem,Coimbatore,A1,71,2257,8/20/2021,RAC
92,Alfred Owtram,17,Genderfluid,94752,Online,Tirunelveli,Bangalore,S2,32,2005,8/5/2025,RAC
93,Maybelle Scullin,8,Female,97174,Direct,Trichy,Tirunelveli,S1,29,699,10/13/2021,Waiting
94,Maxy Plummer,46,Male,26489,Online,Tirunelveli,Coimbatore,S3,29,2328,12/4/2019,RAC
95,Alwyn Knowlton,70,Male,67756,Tatkal,Coimbatore,Hyderabad,S1,58,367,11/2/2023,Cancelled
96,Melony Lobbe,58,Female,39550,Online,Coimbatore,Hyderabad,S3,8,483,9/18/2025,RAC
97,Haleigh Huston,8,Male,38297,Tatkal,Coimbatore,Chennai,B1,4,996,11/16/2020,Waiting
98,Ebba Ownsworth,51,Female,61013,Tatkal,Hyderabad,Tirunelveli,D1,64,646,3/2/2022,Cancelled
99,Kai Kennewell,27,Female,45817,Counter,Erode,Erode,A2,18,993,8/4/2020,Cancelled
100,Adamo Ashby,31,Male,92891,Tatkal,Bangalore,Chennai,S3,5,814,3/8/2021,Confirmed
101,Harlan Purches,54,Male,18248,Direct,Erode,Bangalore,S2,47,1141,1/23/2020,Cancelled
102,Marianne Crippen,54,Female,56910,Tatkal,Salem,Hyderabad,B1,9,376,10/4/2025,RAC
103,Harland Poynzer,66,Male,36925,Tatkal,Madurai,Trichy,A2,38,2201,6/10/2024,Waiting
104,Andres Croughan,55,Male,13979,Tatkal,Coimbatore,Erode,S2,65,1163,12/2/2023,Confirmed
105,Caleb Janisson,30,Male,45807,Online,Madurai,Bangalore,S3,31,2100,9/6/2019,Confirmed
106,Filide Malamore,6,Female,29722,Counter,Bangalore,Trichy,A1,30,2106,8/26/2021,Cancelled
107,Dyane Jaffa,19,Female,59354,Online,Bangalore,Coimbatore,D1,46,2223,5/31/2019,Waiting
108,Byran Yea,29,Male,17460,Direct,Bangalore,Coimbatore,D1,14,1268,8/14/2025,RAC
109,Glad Gillio,52,Female,61630,Online,Madurai,Madurai,A1,34,1277,11/22/2024,Confirmed
110,Alvan Clynman,34,Male,63398,Direct,Erode,Bangalore,S2,61,1736,5/1/2022,Confirmed
111,Danya Mainson,44,Female,46408,Online,Salem,Salem,S3,69,1713,9/26/2025,Confirmed
112,Camella Kiehl,21,Female,2736,Direct,Trichy,Coimbatore,A1,14,1072,8/4/2022,Confirmed
113,Francyne Dabnot,26,Female,70011,Direct,Trichy,Chennai,A1,1,1189,5/26/2020,Waiting
114,Wilona Khilkov,11,Female,3107,Counter,Chennai,Chennai,S1,55,2003,6/10/2019,Waiting
115,Franciska Seatter,30,Female,67928,Direct,Salem,Bangalore,S3,23,2233,10/20/2023,RAC
116,Urson Gerritsma,55,Male,36146,Tatkal,Salem,Tirunelveli,S2,11,475,4/1/2025,RAC
117,Raimund Jendrach,48,Male,13577,Counter,Erode,Coimbatore,S3,37,1312,12/29/2022,Confirmed
118,Rich Garden,58,Male,16510,Online,Hyderabad,Hyderabad,B1,41,2210,4/5/2021,Confirmed
119,Sandro Whitehorn,19,Male,55006,Tatkal,Trichy,Madurai,S3,2,579,1/13/2026,Waiting
120,Carlyle Riolfi,5,Male,16144,Counter,Chennai,Salem,S1,9,1383,6/15/2025,Cancelled
121,Gerrilee Tiltman,46,Female,31866,Online,Chennai,Erode,D1,65,828,12/11/2022,RAC
122,Ingunna Faulkener,51,Female,86040,Counter,Tirunelveli,Hyderabad,S3,25,565,11/5/2021,Waiting
123,Purcell Bagby,42,Agender,41015,Tatkal,Bangalore,Madurai,D1,30,1517,9/11/2021,Cancelled
124,Tybalt Beavors,79,Male,67898,Online,Chennai,Trichy,S3,69,1017,1/10/2023,Confirmed
125,Jason Gobeau,65,Male,22225,Online,Trichy,Madurai,A1,57,1199,1/13/2021,Cancelled
126,Rey Devil,43,Female,41468,Direct,Bangalore,Bangalore,D1,53,1605,5/3/2019,Confirmed
127,Rubetta Mugford,5,Female,64049,Direct,Bangalore,Madurai,B1,6,619,10/9/2024,RAC
128,Silvan Reveland,42,Male,57549,Tatkal,Salem,Madurai,A2,65,1734,3/5/2020,Cancelled
129,Gareth Charity,22,Male,46210,Tatkal,Salem,Trichy,B1,26,1710,1/13/2026,Waiting
130,Marilee Brelsford,26,Female,3229,Counter,Hyderabad,Madurai,D1,17,1440,7/20/2018,Confirmed
131,Ammamaria Gounet,30,Female,57016,Online,Salem,Chennai,S2,4,1333,11/8/2023,RAC
132,Glenn Fibbit,10,Female,59175,Counter,Coimbatore,Coimbatore,S2,33,2164,8/30/2020,RAC
133,Jaquenetta Neylan,70,Female,23856,Tatkal,Hyderabad,Madurai,S3,39,2058,7/28/2022,Waiting
134,Henryetta Guille,14,Female,49153,Online,Hyderabad,Madurai,S2,45,1491,8/22/2023,Confirmed
135,Joeann McKinney,23,Female,19915,Tatkal,Coimbatore,Trichy,S3,23,371,9/29/2025,Confirmed
136,Melly Aikin,42,Female,91149,Tatkal,Erode,Coimbatore,S1,46,790,11/29/2018,Waiting
137,Georgy Vannini,61,Male,23699,Tatkal,Tirunelveli,Erode,D1,8,1083,7/28/2020,Waiting
138,Ikey Kubicek,33,Male,44806,Online,Coimbatore,Madurai,A1,30,1919,12/3/2024,Cancelled
139,Aundrea Lemasney,63,Female,47637,Tatkal,Madurai,Madurai,S3,36,998,1/11/2023,RAC
140,Teressa Crowther,11,Female,40487,Online,Chennai,Hyderabad,D1,72,1983,4/7/2019,RAC
141,Matilde Edds,55,Female,6425,Direct,Hyderabad,Coimbatore,A2,26,703,8/4/2023,Waiting
142,Nataline Sango,20,Female,47650,Online,Chennai,Trichy,S2,26,1332,6/25/2020,Waiting
143,Marrissa Gifford,25,Female,4202,Online,Trichy,Bangalore,A1,63,654,8/6/2019,Confirmed
144,Mike Dreamer,71,Male,26702,Online,Erode,Salem,A1,31,2034,5/9/2021,Confirmed
145,Tedman Ryson,45,Male,75228,Counter,Tirunelveli,Trichy,D1,42,1926,7/19/2021,Cancelled
146,Bethanne Troucher,72,Female,69923,Tatkal,Erode,Chennai,A2,69,1283,7/7/2021,Waiting
147,Mair Runciman,65,Female,28906,Online,Madurai,Tirunelveli,B1,62,625,6/5/2022,RAC
148,Flor Verrill,33,Female,28256,Direct,Bangalore,Chennai,S1,56,2037,4/2/2019,Cancelled
149,Kellen Longrigg,34,Female,31679,Tatkal,Erode,Madurai,B1,55,2147,12/29/2024,Waiting
150,Vere Tremain,80,Female,25282,Direct,Coimbatore,Tirunelveli,A2,72,1328,5/6/2020,Cancelled
151,Carleton Selburn,61,Male,98631,Counter,Bangalore,Tirunelveli,B1,21,2421,9/20/2022,Waiting
152,Roda Chalmers,52,Female,53898,Counter,Erode,Madurai,D1,64,793,12/9/2023,Confirmed
153,Arlyn Scamel,52,Genderfluid,39398,Direct,Coimbatore,Hyderabad,B1,34,1305,10/31/2022,RAC
154,Muire Prettejohns,24,Female,31704,Direct,Hyderabad,Madurai,B1,26,298,6/25/2024,Confirmed
155,Roberta Drews,53,Female,11978,Online,Trichy,Tirunelveli,S3,9,311,8/24/2022,RAC
156,Tricia Stadding,15,Polygender,43083,Counter,Bangalore,Salem,D1,61,2192,8/10/2019,Cancelled
157,Mollie Cubbon,62,Female,54406,Online,Hyderabad,Tirunelveli,S2,37,1460,9/3/2025,Waiting
158,Vic Aldrich,47,Male,88613,Counter,Erode,Bangalore,S1,47,1568,4/5/2025,Waiting
159,Jennine Pharrow,30,Female,61733,Direct,Hyderabad,Madurai,S3,57,1734,9/9/2019,RAC
160,Orlan Virgoe,24,Male,19576,Counter,Coimbatore,Salem,A2,52,381,7/8/2020,RAC
161,Sheri Large,55,Female,35399,Tatkal,Chennai,Bangalore,S3,54,1902,3/19/2026,Confirmed
162,Nathanial Pedycan,69,Male,29596,Online,Erode,Chennai,S2,33,1517,3/20/2026,Waiting
163,Celinda Girhard,41,Female,75328,Tatkal,Erode,Erode,A2,3,1059,4/10/2021,Cancelled
164,Svend Rizzotto,6,Male,21189,Online,Salem,Salem,S2,59,2300,1/26/2025,Cancelled
165,Carine Morfield,33,Female,29304,Tatkal,Trichy,Trichy,A1,52,2465,2/20/2023,RAC
166,Alma Lipscomb,65,Female,68069,Tatkal,Chennai,Salem,D1,53,2174,9/13/2021,Waiting
167,Yvonne Searby,34,Female,14306,Direct,Madurai,Trichy,A2,16,800,1/5/2020,RAC
168,Rheba Teanby,5,Female,81658,Tatkal,Salem,Chennai,D1,53,1842,1/23/2024,Cancelled
169,Curran Nisot,16,Male,6405,Counter,Madurai,Trichy,S1,63,644,11/13/2021,Confirmed
170,Rayna Cord,37,Female,36421,Tatkal,Erode,Erode,A2,53,2430,10/11/2023,Waiting
171,Liam Eyres,8,Male,17843,Direct,Bangalore,Erode,D1,32,820,12/4/2018,Cancelled
172,Drew Kick,65,Male,61831,Tatkal,Bangalore,Madurai,A1,46,2034,9/28/2023,Cancelled
173,Malorie Frise,12,Polygender,52612,Tatkal,Chennai,Madurai,S1,58,1081,6/4/2018,Waiting
174,Yancy Avarne,59,Male,80912,Direct,Madurai,Chennai,A2,8,882,4/22/2022,Cancelled
175,Corney Haste,73,Male,39158,Direct,Erode,Salem,B1,35,1685,4/28/2021,Waiting
176,Jobina Banishevitz,57,Female,74002,Tatkal,Tirunelveli,Coimbatore,S1,39,1390,5/15/2023,Waiting
177,Agretha McLaverty,60,Female,43935,Direct,Hyderabad,Trichy,B1,66,2123,8/17/2022,Waiting
178,Ailey Marquess,71,Female,40035,Counter,Hyderabad,Coimbatore,S1,49,155,2/4/2021,Confirmed
179,Darelle Forgie,47,Female,17858,Direct,Madurai,Hyderabad,A1,45,1389,12/19/2025,RAC
180,Kalina Farrin,21,Female,6457,Online,Trichy,Trichy,S1,12,1298,9/4/2025,Confirmed
181,Farrah Rossbrook,76,Female,47414,Counter,Chennai,Salem,A1,8,1750,1/31/2023,Waiting
182,Adelheid Howis,70,Female,97659,Direct,Chennai,Tirunelveli,S3,68,235,4/2/2021,Cancelled
183,Susanna Van Hault,35,Female,64384,Online,Erode,Bangalore,A1,48,2311,12/27/2020,RAC
184,Karie Fonquernie,67,Female,92905,Tatkal,Madurai,Bangalore,S1,36,2483,5/30/2022,Confirmed
185,Mellicent Savidge,12,Female,58364,Online,Bangalore,Chennai,D1,37,2054,3/30/2019,Confirmed
186,Bianka Randalston,19,Female,23397,Tatkal,Hyderabad,Madurai,A2,43,1549,10/15/2023,Waiting
187,Lise Parsonson,19,Female,44953,Counter,Madurai,Erode,A1,57,1003,6/2/2018,Waiting
188,Zea Lyfe,14,Female,68232,Direct,Hyderabad,Bangalore,B1,39,1921,1/6/2024,Cancelled
189,Melicent Beardshaw,8,Female,27075,Counter,Trichy,Tirunelveli,S1,10,2118,5/27/2020,Waiting
190,Alfred Melonby,38,Male,50394,Tatkal,Salem,Tirunelveli,B1,52,1696,1/28/2023,Waiting
191,Kellie Emptage,70,Female,28121,Tatkal,Tirunelveli,Salem,A2,52,2268,10/9/2018,Cancelled
192,Myriam Indgs,52,Female,37170,Direct,Tirunelveli,Salem,S2,71,2188,12/7/2019,RAC
193,Bobbe Baston,20,Female,80371,Counter,Tirunelveli,Tirunelveli,D1,62,1184,2/5/2026,Cancelled
194,Bartholemy Caldecot,18,Male,1389,Direct,Tirunelveli,Chennai,B1,20,2489,2/21/2023,RAC
195,Suzann Francillo,11,Polygender,61472,Direct,Trichy,Madurai,D1,18,400,8/9/2020,Confirmed
196,Rene Gristock,30,Female,35787,Online,Madurai,Coimbatore,S2,54,198,5/27/2021,Waiting
197,Zsa zsa Barnhart,70,Non-binary,14911,Direct,Coimbatore,Trichy,D1,67,2227,7/12/2021,RAC
198,Sergio Skeete,5,Male,61839,Online,Erode,Bangalore,S2,70,508,8/31/2019,Cancelled
199,Kerry Beamont,69,Male,20173,Tatkal,Trichy,Hyderabad,A1,68,677,5/3/2021,Waiting
200,Arda Faustin,26,Female,26622,Direct,Trichy,Madurai,S2,64,1006,2/1/2021,Cancelled
201,Paolina Warboys,66,Female,64482,Direct,Madurai,Tirunelveli,D1,58,1518,1/16/2023,RAC
202,Linoel Minshull,77,Male,29142,Online,Trichy,Salem,D1,13,1162,9/18/2025,Cancelled
203,Lonna Hiscoe,8,Female,91490,Counter,Salem,Tirunelveli,D1,22,2116,1/30/2019,Confirmed
204,Aron Yurchishin,48,Male,64960,Direct,Erode,Hyderabad,A2,13,2087,1/21/2019,Cancelled
205,Aloysius Fricker,80,Male,21043,Online,Salem,Salem,S2,72,808,5/13/2024,Cancelled
206,Evyn Stave,67,Male,64809,Direct,Chennai,Erode,S3,49,961,11/13/2018,Waiting
207,Hedwig Durnall,56,Female,14839,Counter,Madurai,Bangalore,S2,20,2056,7/3/2020,Confirmed
208,Savina Baxandall,14,Female,12799,Direct,Erode,Madurai,B1,11,683,1/4/2024,Cancelled
209,Simone Kendall,17,Female,99425,Online,Hyderabad,Tirunelveli,S2,44,2033,7/14/2022,Waiting
210,Matthew Sergeant,32,Male,23550,Online,Tirunelveli,Hyderabad,D1,55,2356,3/26/2025,RAC
211,Hyman Blackie,7,Polygender,66254,Direct,Chennai,Coimbatore,S3,48,790,10/24/2022,RAC
212,Buiron Jerok,31,Male,28995,Counter,Erode,Chennai,S2,53,840,3/14/2026,Cancelled
213,Noll Wakes,46,Male,62372,Counter,Chennai,Hyderabad,S2,4,1760,6/14/2025,Confirmed
214,Torin Jezard,24,Male,53646,Direct,Chennai,Coimbatore,A1,57,173,1/11/2022,Waiting
215,Vassily Gaule,13,Male,38629,Tatkal,Trichy,Trichy,S1,56,678,12/17/2022,Waiting
216,Dean Connor,36,Male,94983,Tatkal,Chennai,Tirunelveli,A2,10,385,7/2/2022,RAC
217,Udell Moulden,30,Male,99427,Online,Trichy,Salem,S3,72,972,2/15/2024,Cancelled
218,Karia Stallebrass,80,Female,86646,Counter,Madurai,Bangalore,A1,35,1244,11/21/2025,Cancelled
219,Allyson Sandels,59,Female,26329,Tatkal,Salem,Coimbatore,S1,63,2252,10/9/2023,Cancelled
220,Denyse Espina,19,Female,78928,Online,Chennai,Madurai,S2,24,2191,3/19/2022,RAC
221,Hollie Althrope,21,Genderqueer,58160,Online,Madurai,Trichy,A1,39,2463,9/30/2021,Cancelled
222,Guthrey Newlands,77,Male,55102,Counter,Erode,Trichy,S1,34,1904,12/13/2019,Confirmed
223,Rodolfo McKenney,36,Male,72518,Direct,Bangalore,Trichy,A1,43,394,9/24/2021,Waiting
224,Jaclin Toolan,45,Female,2322,Counter,Chennai,Bangalore,A2,65,280,3/20/2022,RAC
225,Delila Thurby,7,Female,68992,Counter,Bangalore,Bangalore,S2,52,799,2/23/2023,Confirmed
226,Neely Hammerberg,17,Female,45913,Direct,Tirunelveli,Madurai,A1,68,473,7/31/2022,Confirmed
227,Magda Gainseford,71,Female,90959,Tatkal,Hyderabad,Tirunelveli,S1,45,1652,11/6/2024,Waiting
228,Clayson Isaksen,28,Male,28489,Counter,Trichy,Bangalore,S2,60,2221,3/10/2026,Confirmed
229,Jake Sherrett,18,Male,71170,Online,Salem,Trichy,S3,53,872,5/9/2019,Cancelled
230,Reinold McLarnon,68,Male,75539,Online,Trichy,Salem,S2,16,2274,3/23/2021,Confirmed
231,Dion Camis,15,Male,1498,Counter,Coimbatore,Coimbatore,D1,70,888,7/31/2025,Waiting
232,Etienne Helin,43,Male,34094,Counter,Erode,Coimbatore,B1,33,466,11/27/2025,Cancelled
233,Chlo Espley,5,Non-binary,88371,Counter,Salem,Tirunelveli,D1,14,1815,2/12/2022,Cancelled
234,Bat Stallan,64,Male,87644,Tatkal,Trichy,Erode,B1,54,2245,11/11/2021,Waiting
235,Tamiko Battson,60,Polygender,29138,Tatkal,Salem,Hyderabad,S3,51,235,10/28/2025,RAC
236,Dale Beaudry,27,Male,79334,Direct,Chennai,Tirunelveli,A2,63,561,11/19/2023,RAC
237,De Burgise,49,Female,86119,Direct,Salem,Bangalore,A2,22,2500,9/26/2020,Waiting
238,Stavros Reuss,43,Male,80569,Tatkal,Erode,Tirunelveli,S1,20,962,2/12/2022,RAC
239,Conny Bucham,20,Male,78895,Tatkal,Bangalore,Coimbatore,B1,24,1050,3/21/2020,Confirmed
240,Roxanna Sappy,44,Female,78225,Online,Coimbatore,Hyderabad,S2,58,1587,5/28/2023,Waiting
241,Jasen Beer,8,Male,81430,Online,Erode,Salem,B1,15,183,7/4/2018,Cancelled
242,Orlando Wyse,42,Male,51256,Tatkal,Hyderabad,Bangalore,S1,48,1557,7/29/2020,Confirmed
243,Robinette Vinten,61,Female,51142,Direct,Chennai,Erode,S2,42,1369,4/12/2021,Confirmed
244,Randal Totman,74,Male,58564,Online,Coimbatore,Tirunelveli,B1,13,1736,9/8/2025,Confirmed
245,Sherline Blaik,62,Female,70912,Tatkal,Salem,Tirunelveli,S1,52,1426,8/17/2020,RAC
246,Robinetta Storck,37,Female,43755,Tatkal,Tirunelveli,Bangalore,S3,8,2440,6/13/2025,Cancelled
247,Boote Roan,14,Male,31392,Direct,Salem,Madurai,A1,70,1894,6/6/2025,Confirmed
248,Robinia Stathers,39,Female,54881,Direct,Salem,Coimbatore,B1,54,2220,4/18/2021,RAC
249,Myca Moggach,59,Genderfluid,72130,Tatkal,Tirunelveli,Chennai,A2,62,1234,8/15/2023,Cancelled
250,Morie Goldsmith,5,Male,74586,Direct,Tirunelveli,Madurai,S3,6,461,6/16/2018,Confirmed
251,Cristian Dabnot,14,Bigender,38185,Counter,Salem,Hyderabad,A1,7,2190,1/16/2020,Waiting
252,Oralle Empringham,63,Female,76672,Tatkal,Coimbatore,Erode,A2,50,1831,1/22/2022,Confirmed
253,Vince Sowood,28,Male,43144,Counter,Madurai,Hyderabad,B1,58,1288,11/20/2023,RAC
254,Rowen Kegan,68,Male,78223,Tatkal,Bangalore,Tirunelveli,S3,72,800,10/4/2021,Cancelled
255,Creigh Pharrow,33,Male,74514,Tatkal,Trichy,Chennai,S2,57,1105,6/6/2023,Cancelled
256,Tabbie Scowcraft,34,Female,66752,Tatkal,Tirunelveli,Trichy,B1,65,1004,8/16/2020,Waiting
257,Erinna Moggan,55,Female,45552,Tatkal,Madurai,Bangalore,A2,59,1225,2/2/2020,Confirmed
258,Ethelyn McNirlan,20,Female,86696,Direct,Coimbatore,Erode,A2,22,2350,9/27/2020,Waiting
259,Jamil Gever,79,Male,20538,Counter,Coimbatore,Trichy,S2,40,203,7/29/2022,Confirmed
260,Batholomew Bartens,18,Male,63247,Online,Coimbatore,Hyderabad,A2,22,2486,3/29/2025,Cancelled
261,Cello Rootes,26,Male,58245,Tatkal,Coimbatore,Hyderabad,S1,11,1688,6/21/2022,Waiting
262,Bartolemo Degenhardt,17,Male,75549,Direct,Madurai,Madurai,A2,49,2344,11/20/2024,Cancelled
263,Galvin Castellaccio,18,Genderfluid,25786,Counter,Coimbatore,Trichy,A1,48,1124,9/12/2021,Cancelled
264,Arlena Osboldstone,76,Female,89394,Online,Trichy,Chennai,B1,43,2380,9/19/2024,Cancelled
265,Dionis Osgar,55,Female,34797,Tatkal,Erode,Trichy,B1,41,164,11/7/2018,Waiting
266,Cleo Gilhoolie,9,Female,29941,Direct,Tirunelveli,Salem,A1,49,1069,11/21/2019,Confirmed
267,Axel Clemot,39,Male,43118,Counter,Coimbatore,Madurai,S1,35,461,7/27/2025,Waiting
268,Beatrix Rippin,8,Female,18507,Direct,Chennai,Chennai,S3,48,1098,10/14/2018,RAC
269,Ailey Falkus,51,Genderfluid,45092,Direct,Madurai,Trichy,B1,31,507,3/5/2022,Cancelled
270,Torrance Umpleby,69,Male,52076,Direct,Trichy,Bangalore,S3,24,122,8/24/2024,Confirmed
271,Sonny Astupenas,70,Male,83610,Direct,Bangalore,Trichy,A2,25,2118,7/20/2024,Waiting
272,Marlyn Colenutt,56,Polygender,21150,Online,Bangalore,Erode,B1,48,857,9/28/2023,RAC
273,Gretal Songhurst,73,Female,71459,Tatkal,Bangalore,Madurai,D1,69,1866,6/12/2025,Confirmed
274,Johny Reneke,69,Male,22795,Counter,Chennai,Chennai,A1,22,1028,12/10/2025,Waiting
275,Pauli Blaksland,30,Female,24605,Tatkal,Coimbatore,Madurai,D1,2,276,8/31/2022,Waiting
276,Silvio Tiptaft,9,Male,70736,Counter,Bangalore,Trichy,D1,24,369,7/5/2023,Cancelled
277,Daffi Minister,79,Female,35472,Direct,Hyderabad,Erode,A2,12,709,8/1/2023,Confirmed
278,Vickie Naylor,45,Female,55239,Online,Chennai,Hyderabad,S1,32,1736,12/31/2018,RAC
279,Jaymie Tacker,29,Male,30269,Online,Erode,Coimbatore,S1,60,2376,9/30/2024,Cancelled
280,Etta McSwan,59,Female,6858,Online,Madurai,Coimbatore,S2,6,686,3/7/2020,Waiting
281,Walden Mc Dermid,80,Male,73492,Direct,Hyderabad,Bangalore,A2,4,1970,2/1/2024,Confirmed
282,Cristobal Thorp,27,Male,71424,Tatkal,Hyderabad,Tirunelveli,A1,20,1765,10/10/2024,Confirmed
283,Marline Poynter,9,Female,24886,Direct,Madurai,Erode,A1,45,1185,12/29/2019,Waiting
284,Wright Regnard,66,Male,36121,Counter,Trichy,Chennai,B1,10,396,7/23/2021,Cancelled
285,Kylie McReath,70,Female,66795,Tatkal,Salem,Hyderabad,A2,58,540,3/9/2025,Cancelled
286,Katuscha Kubas,74,Female,56143,Counter,Coimbatore,Hyderabad,S2,13,1962,8/1/2019,RAC
287,Cos Hendin,75,Male,72266,Tatkal,Hyderabad,Coimbatore,S1,69,1666,10/17/2019,Cancelled
288,Jilli D'Ugo,50,Female,85252,Online,Chennai,Coimbatore,D1,29,705,3/19/2026,Cancelled
289,Loy Shakesby,45,Male,55893,Counter,Trichy,Trichy,A1,34,1675,10/27/2019,RAC
290,Carey Korbmaker,72,Female,92861,Online,Hyderabad,Coimbatore,S3,45,1117,1/18/2024,Confirmed
291,Simmonds Brunone,10,Male,57781,Online,Hyderabad,Salem,A2,21,1480,2/13/2019,Waiting
292,Georgianne Janowicz,63,Female,27553,Online,Hyderabad,Hyderabad,S1,47,798,6/20/2021,Waiting
293,Erek Wicher,59,Male,21449,Direct,Bangalore,Coimbatore,S2,48,511,6/18/2022,RAC
294,Hirsch Lohan,40,Male,95950,Counter,Coimbatore,Chennai,S3,32,2440,7/19/2024,Waiting
295,Georgine Sitlinton,13,Female,66336,Online,Hyderabad,Trichy,B1,28,2007,10/18/2024,Waiting
296,Ode Songer,36,Male,87012,Online,Coimbatore,Salem,S3,58,1391,9/8/2020,Cancelled
297,Baudoin Hanna,43,Male,90620,Online,Trichy,Coimbatore,A1,67,654,7/10/2020,RAC
298,Freddie Maskew,15,Male,22385,Counter,Erode,Madurai,A1,24,2236,11/19/2023,Cancelled
299,Seumas Gajownik,30,Male,80423,Tatkal,Madurai,Chennai,S3,63,496,9/20/2025,Confirmed
300,Boycie Reaper,8,Male,32621,Tatkal,Erode,Trichy,D1,71,626,8/19/2019,RAC
301,Hatty Schonfelder,12,Female,36225,Direct,Chennai,Hyderabad,D1,17,1488,8/2/2023,RAC
302,Giacinta Brealey,64,Female,80534,Online,Madurai,Bangalore,A2,7,2134,3/8/2023,RAC
303,Anica Mouton,44,Female,20771,Online,Tirunelveli,Erode,S3,11,2221,12/8/2023,RAC
304,Ian Losseljong,72,Male,58544,Direct,Coimbatore,Salem,D1,59,1480,3/5/2019,RAC
305,Pietra Genders,30,Female,75624,Direct,Madurai,Salem,B1,12,1750,1/6/2024,RAC
306,Madalena McCadden,67,Female,26924,Tatkal,Hyderabad,Coimbatore,D1,61,2267,5/7/2026,Waiting
307,Berenice Wharf,31,Female,54829,Counter,Tirunelveli,Trichy,A2,31,2115,9/9/2023,Cancelled
308,Guss Raftery,49,Male,66050,Counter,Madurai,Chennai,A2,31,192,10/13/2021,RAC
309,Shae Selburn,63,Female,31899,Counter,Erode,Trichy,S3,59,788,11/13/2019,RAC
310,Benjamen Brigshaw,55,Male,58513,Tatkal,Trichy,Chennai,S3,24,464,4/2/2025,Confirmed
311,Pietrek Merryweather,27,Male,34445,Direct,Erode,Madurai,B1,59,1638,1/21/2025,RAC
312,Linoel Menilove,38,Genderfluid,57967,Counter,Trichy,Erode,A1,72,1077,3/11/2026,Cancelled
313,Robena Stieger,73,Female,18949,Online,Erode,Bangalore,S3,5,955,3/5/2021,RAC
314,Dian Grenshields,47,Female,24867,Online,Tirunelveli,Bangalore,B1,11,1095,12/17/2024,Confirmed
315,Charmian Haxbie,24,Female,24197,Counter,Madurai,Coimbatore,A1,38,1411,9/5/2021,RAC
316,Zorine Ofer,6,Female,85005,Online,Trichy,Chennai,S3,8,1099,5/9/2021,Cancelled
317,Guinevere Leaman,56,Female,39821,Counter,Salem,Bangalore,A1,56,1268,12/3/2024,RAC
318,Celisse Marjot,39,Genderfluid,26723,Counter,Tirunelveli,Erode,D1,16,1132,8/21/2022,Cancelled
319,Manda Ram,14,Female,65376,Tatkal,Coimbatore,Madurai,S2,32,964,7/13/2020,Confirmed
320,Kimberly Di Biasi,75,Female,70233,Online,Madurai,Coimbatore,A1,31,2080,1/24/2022,RAC
321,Karmen Maddrell,55,Female,90591,Counter,Hyderabad,Erode,B1,10,1535,5/26/2018,Confirmed
322,Ruy Sporle,64,Male,73829,Counter,Salem,Tirunelveli,D1,65,1364,1/20/2026,Cancelled
323,Huntlee Abbott,79,Male,65418,Counter,Hyderabad,Bangalore,A2,50,2194,6/11/2022,RAC
324,Glenden Gellan,6,Male,5874,Online,Bangalore,Hyderabad,A2,29,1496,4/24/2026,RAC
325,Jo Howles,64,Female,43066,Direct,Bangalore,Tirunelveli,S3,15,610,2/3/2026,Waiting
326,Mellisent Harness,8,Female,56014,Online,Tirunelveli,Hyderabad,A2,27,829,2/26/2022,Waiting
327,Alfons Betancourt,79,Male,54450,Online,Coimbatore,Hyderabad,S2,32,1713,10/29/2024,RAC
328,Garrek Irvin,57,Male,82398,Tatkal,Erode,Chennai,A1,36,1129,10/17/2024,RAC
329,Lauritz Sutehall,54,Male,10704,Counter,Erode,Salem,D1,34,348,9/24/2020,Cancelled
330,Diana Illingsworth,80,Female,38676,Direct,Hyderabad,Bangalore,S3,47,2457,1/22/2020,Confirmed
331,Rosanna Inmett,10,Female,8732,Online,Chennai,Salem,A1,28,1257,7/20/2021,RAC
332,Karina Kretchmer,56,Female,3059,Direct,Erode,Trichy,B1,36,1235,9/26/2018,Confirmed
333,Lezley Rockliffe,61,Male,60503,Tatkal,Madurai,Erode,S2,42,431,2/13/2025,RAC
334,Mabelle Quinlan,68,Female,41640,Online,Hyderabad,Hyderabad,S1,62,445,9/30/2021,Waiting
335,Georgine Meadus,36,Genderfluid,4237,Direct,Bangalore,Salem,S3,16,1539,11/10/2022,RAC
336,Axe Vernalls,16,Male,94253,Online,Tirunelveli,Bangalore,S1,61,1005,8/20/2023,Waiting
337,Cece Stanwix,79,Male,25945,Counter,Tirunelveli,Coimbatore,D1,7,1759,10/24/2022,RAC
338,Keir Cordey,55,Male,75240,Counter,Tirunelveli,Tirunelveli,B1,18,2449,1/22/2024,Confirmed
339,Arlette Kidstone,72,Female,1889,Online,Tirunelveli,Tirunelveli,A1,33,1571,2/24/2019,Waiting
340,Caddric Bartod,45,Male,43951,Direct,Hyderabad,Bangalore,S1,63,1927,2/29/2020,Confirmed
341,Pepita Greatex,48,Female,21705,Counter,Hyderabad,Madurai,A1,42,1082,6/28/2024,Waiting
342,Aggi Agirre,17,Female,14129,Counter,Tirunelveli,Bangalore,A2,38,1966,12/7/2018,RAC
343,Gabie Eversley,66,Male,35526,Online,Madurai,Trichy,A1,4,2359,8/25/2024,Waiting
344,Neddy Ferrucci,34,Male,76695,Direct,Erode,Tirunelveli,S1,38,1360,10/10/2023,Waiting
345,Berkeley Cucinotta,14,Male,61927,Counter,Coimbatore,Coimbatore,S2,33,1085,2/9/2021,Confirmed
346,Riki Mawman,46,Non-binary,15968,Tatkal,Bangalore,Trichy,S3,45,667,12/29/2022,RAC
347,Jermaine Lunt,19,Female,48634,Tatkal,Chennai,Erode,S1,1,1661,7/8/2022,Waiting
348,Mateo Cayford,77,Male,65238,Online,Trichy,Trichy,D1,7,726,8/12/2018,Cancelled
349,Carlyn Jolliss,65,Non-binary,21557,Counter,Hyderabad,Erode,B1,4,770,5/15/2025,Waiting
350,Lindsy Stanyon,77,Female,71268,Tatkal,Erode,Trichy,D1,9,2122,12/17/2022,RAC
351,Brena Tiffney,34,Female,57653,Tatkal,Chennai,Coimbatore,B1,56,2067,7/2/2020,Cancelled
352,Sammy Bothe,59,Female,67285,Counter,Coimbatore,Tirunelveli,S3,56,1628,3/6/2026,Waiting
353,Catlin Arnison,64,Female,32557,Online,Salem,Hyderabad,S3,67,722,4/14/2025,Confirmed
354,Rosita Hyndes,73,Female,83107,Online,Erode,Hyderabad,S3,64,1679,5/30/2021,RAC
355,Marcille Sherebrook,15,Female,69617,Direct,Chennai,Hyderabad,A2,30,2078,8/13/2021,Waiting
356,Gaylor Inggall,70,Male,16546,Tatkal,Salem,Trichy,S1,27,2112,10/30/2020,RAC
357,Shannen Dockrell,6,Female,51042,Online,Bangalore,Salem,A2,31,291,2/23/2024,Confirmed
358,Arnie Bulman,80,Male,62068,Tatkal,Salem,Trichy,A2,29,776,3/29/2021,RAC
359,Brit MacMarcuis,19,Male,26402,Direct,Coimbatore,Trichy,A1,33,257,6/13/2021,RAC
360,Jammal Seczyk,77,Male,73694,Direct,Erode,Chennai,S1,57,896,1/6/2019,Confirmed
361,Verena Batt,43,Female,86776,Tatkal,Hyderabad,Tirunelveli,A2,19,1354,7/3/2024,Cancelled
362,Bald Thridgould,43,Male,82684,Tatkal,Erode,Tirunelveli,S2,40,2154,7/13/2020,Confirmed
363,Cherida Hindenburg,70,Female,4248,Direct,Salem,Trichy,A2,61,684,5/16/2021,Cancelled
364,Marian Deverille,72,Female,89684,Tatkal,Hyderabad,Bangalore,B1,17,2363,11/29/2022,RAC
365,Risa Giacomasso,59,Female,60970,Tatkal,Chennai,Tirunelveli,D1,1,1191,4/23/2026,Waiting
366,Julie Goodlatt,13,Female,54539,Online,Chennai,Erode,A2,65,262,5/10/2026,Confirmed
367,Bard Nudde,54,Male,1600,Tatkal,Coimbatore,Erode,A2,16,2389,8/11/2019,Confirmed
368,Brigitta Barrs,47,Female,80923,Tatkal,Madurai,Chennai,A2,53,1987,8/26/2020,Confirmed
369,Trista Tommaseo,58,Bigender,23119,Tatkal,Tirunelveli,Bangalore,A2,3,1520,8/21/2022,RAC
370,Eustace Braker,72,Male,85814,Online,Coimbatore,Erode,B1,3,599,6/4/2019,Waiting
371,Pavlov Wegenen,66,Male,5140,Tatkal,Hyderabad,Madurai,A2,1,1630,1/8/2025,Cancelled
372,Torrance Calafato,12,Male,12334,Tatkal,Erode,Bangalore,S1,66,783,1/20/2025,Waiting
373,Corette Esch,44,Female,84559,Direct,Madurai,Madurai,S3,28,2225,7/16/2021,Cancelled
374,Jordanna Widdall,42,Female,78604,Online,Trichy,Madurai,A2,25,1178,12/13/2024,RAC
375,Shawn Musker,41,Female,5513,Tatkal,Bangalore,Chennai,D1,4,2026,1/12/2022,Waiting
376,Bessie Apfelmann,57,Female,80541,Tatkal,Hyderabad,Bangalore,S1,13,1875,11/30/2021,Confirmed
377,Forster Densell,28,Male,81568,Counter,Hyderabad,Salem,D1,35,687,11/18/2025,RAC
378,Kandace Spondley,23,Female,12872,Tatkal,Hyderabad,Chennai,B1,62,1130,4/13/2023,Cancelled
379,Petronia Scupham,18,Female,59677,Online,Erode,Trichy,S2,72,844,6/16/2023,Confirmed
380,Hannie Handley,62,Female,57162,Counter,Coimbatore,Trichy,S3,31,1356,10/17/2018,RAC
381,Joye Mitcheson,6,Female,60125,Counter,Erode,Chennai,D1,5,1101,9/30/2019,Waiting
382,Kitty Firpi,59,Polygender,6062,Direct,Madurai,Hyderabad,S2,21,2265,6/16/2024,Waiting
383,Desirae Camier,12,Female,45126,Counter,Bangalore,Tirunelveli,A2,64,2377,9/24/2022,Confirmed
384,Ingeborg Asquez,33,Female,14359,Direct,Chennai,Tirunelveli,B1,51,655,2/21/2020,RAC
385,Keith Neles,6,Male,83177,Counter,Coimbatore,Trichy,S3,69,947,7/18/2018,Confirmed
386,Niko Dyche,8,Male,24425,Counter,Coimbatore,Salem,S1,65,1242,8/21/2025,Cancelled
387,Arlette Wight,57,Female,76225,Direct,Bangalore,Salem,D1,55,2096,1/30/2024,Waiting
388,Sean Shorthouse,24,Male,32932,Direct,Salem,Bangalore,A2,22,705,3/21/2024,Waiting
389,Tades Sharper,19,Male,90407,Online,Bangalore,Erode,S3,23,1203,5/30/2023,Waiting
390,Calhoun Cocklie,19,Male,39923,Direct,Chennai,Erode,S1,8,1047,11/9/2020,RAC
391,Mateo Maddern,51,Male,9545,Direct,Bangalore,Tirunelveli,B1,28,679,12/23/2019,RAC
392,Kissie Tydd,23,Genderqueer,68636,Tatkal,Coimbatore,Coimbatore,S1,53,1666,1/4/2020,Confirmed
393,Shannen Sibbert,61,Female,53566,Tatkal,Tirunelveli,Tirunelveli,A2,70,462,5/12/2026,Cancelled
394,Kippie MacLise,28,Female,50271,Counter,Chennai,Madurai,B1,52,482,3/27/2021,Cancelled
395,Fredrick Gipp,56,Polygender,53504,Tatkal,Trichy,Hyderabad,A1,2,435,4/23/2024,Waiting
396,Humberto MacKomb,64,Male,50994,Counter,Hyderabad,Coimbatore,D1,38,1340,11/10/2022,RAC
397,Miguel Pottie,47,Male,29889,Tatkal,Tirunelveli,Trichy,A1,1,2196,6/19/2021,Waiting
398,Myrle Everton,76,Non-binary,51746,Counter,Chennai,Madurai,S3,5,2483,6/4/2018,Confirmed
399,Madel Antoszczyk,43,Female,77490,Online,Bangalore,Chennai,S2,42,756,8/6/2018,Waiting
400,Grace Sherbrooke,79,Male,49690,Direct,Madurai,Trichy,D1,11,920,7/20/2024,Waiting
401,Sallyanne Fudge,56,Genderfluid,1460,Direct,Tirunelveli,Madurai,A1,37,1966,9/3/2019,Waiting
402,Hildagard Paulet,14,Female,77599,Tatkal,Coimbatore,Madurai,A1,70,548,8/27/2022,RAC
403,Cleon Carrack,44,Male,16227,Direct,Coimbatore,Tirunelveli,A1,36,2135,6/2/2022,RAC
404,Xylia Alldread,73,Female,63258,Tatkal,Bangalore,Erode,A2,33,2007,12/25/2021,Waiting
405,Sybilla Ahlin,63,Female,91975,Online,Coimbatore,Trichy,S2,60,105,7/20/2024,RAC
406,Vickie Perett,75,Female,33222,Tatkal,Madurai,Coimbatore,B1,24,1397,7/20/2023,RAC
407,Myrwyn Lates,43,Male,68210,Counter,Hyderabad,Hyderabad,B1,49,1432,11/29/2024,RAC
408,Wren Schroeder,61,Female,11006,Online,Hyderabad,Bangalore,S2,11,992,1/25/2019,Waiting
409,Clem Lukock,50,Male,28952,Counter,Madurai,Trichy,B1,52,2320,10/13/2019,Waiting
410,Charla Daile,20,Female,19093,Tatkal,Tirunelveli,Madurai,S3,42,881,10/23/2018,RAC
411,Suzanne Leghorn,65,Female,65182,Online,Coimbatore,Trichy,A1,72,1090,2/6/2021,Cancelled
412,Rhys Colquyte,76,Male,51801,Tatkal,Bangalore,Trichy,S2,37,1448,1/24/2022,Waiting
413,Haskel Garlic,39,Male,31736,Tatkal,Tirunelveli,Madurai,D1,58,2288,1/23/2024,RAC
414,Josi Greenrde,34,Female,21897,Counter,Tirunelveli,Hyderabad,A2,58,1070,3/2/2023,Waiting
415,Chip Byrcher,76,Genderfluid,76280,Counter,Trichy,Hyderabad,S2,5,2262,3/9/2020,Cancelled
416,Charles Braben,75,Male,85391,Online,Madurai,Tirunelveli,A1,70,1221,9/17/2025,Confirmed
417,Vlad Ahlin,43,Male,45244,Counter,Chennai,Erode,A2,6,335,2/3/2019,Waiting
418,Skell Splevins,77,Male,66627,Tatkal,Madurai,Salem,S1,7,2357,11/24/2025,Waiting
419,Darren Vallow,19,Male,18519,Online,Chennai,Tirunelveli,S1,4,2398,9/22/2018,RAC
420,Devora Forsdicke,70,Female,85342,Counter,Trichy,Salem,S1,38,303,4/18/2024,Cancelled
421,Tymon Innes,78,Male,9835,Online,Tirunelveli,Coimbatore,S2,11,651,7/11/2023,Waiting
422,Raymond Laing,69,Male,28492,Direct,Bangalore,Bangalore,B1,59,1611,4/7/2023,Confirmed
423,Edwina Bosche,76,Female,82183,Tatkal,Bangalore,Madurai,S1,49,855,7/16/2022,Waiting
424,Sonny Rabbitt,72,Male,60262,Tatkal,Erode,Coimbatore,A1,21,354,5/19/2019,Waiting
425,Kizzie Bladen,27,Female,38041,Online,Trichy,Trichy,B1,43,1059,10/29/2020,RAC
426,Marilin Hark,22,Female,6612,Direct,Trichy,Bangalore,A1,3,731,10/10/2020,RAC
427,Vivian Andryushin,72,Female,37997,Direct,Salem,Tirunelveli,S2,24,158,9/28/2019,Confirmed
428,My Skingley,18,Genderfluid,99198,Tatkal,Trichy,Madurai,A1,23,1743,6/24/2023,Waiting
429,Carmine Sketch,46,Male,58029,Direct,Madurai,Salem,D1,49,1317,11/8/2022,RAC
430,Darryl Brosio,41,Female,32807,Counter,Salem,Madurai,A2,20,942,1/13/2020,Confirmed
431,Egbert Craddock,43,Male,86424,Direct,Salem,Madurai,S1,30,981,3/14/2023,RAC
432,Terrel Wray,21,Male,85464,Online,Trichy,Salem,S1,12,278,10/13/2023,RAC
433,Bili Bracknell,74,Female,98404,Online,Madurai,Coimbatore,B1,60,1912,11/23/2023,Waiting
434,Waldo Minocchi,22,Male,93802,Counter,Hyderabad,Hyderabad,S3,38,741,6/11/2024,Confirmed
435,Amalea De La Salle,18,Female,28957,Counter,Salem,Madurai,S2,9,1062,9/1/2019,Confirmed
436,Hurleigh Pond,43,Male,79219,Counter,Coimbatore,Madurai,D1,37,1755,2/18/2023,RAC
437,Nataniel Titmuss,14,Male,40541,Direct,Bangalore,Hyderabad,A2,9,1103,9/3/2021,Cancelled
438,Libby Sante,35,Female,80907,Online,Bangalore,Hyderabad,S2,2,2465,9/19/2025,Cancelled
439,Corinne Schimpke,60,Female,79196,Online,Chennai,Chennai,D1,70,2315,11/3/2019,RAC
440,Teddi Smalridge,80,Female,28630,Counter,Coimbatore,Hyderabad,S3,48,1814,4/25/2025,Waiting
441,Mallory Dawney,8,Female,27422,Direct,Tirunelveli,Tirunelveli,A1,12,475,10/8/2018,RAC
442,Lynea Castiglio,21,Female,21367,Tatkal,Erode,Hyderabad,S1,66,1695,4/17/2023,Confirmed
443,Richart Thyer,15,Male,97494,Tatkal,Bangalore,Chennai,S1,23,1279,2/18/2024,RAC
444,Brody Bony,27,Male,43769,Online,Bangalore,Hyderabad,S1,1,319,4/30/2022,Confirmed
445,Buiron Waddams,45,Male,46318,Online,Salem,Salem,S1,55,1630,12/8/2019,Confirmed
446,Joel Drain,35,Male,84012,Direct,Tirunelveli,Erode,S1,28,1988,4/18/2020,Confirmed
447,Lanni Sparway,56,Female,19968,Online,Tirunelveli,Erode,A2,5,1540,7/11/2018,RAC
448,Pris Farlambe,26,Female,43353,Direct,Salem,Madurai,S1,7,2285,3/10/2022,Cancelled
449,Trev Ainscough,72,Male,98552,Tatkal,Tirunelveli,Salem,A1,13,2334,4/26/2026,Cancelled
450,Cherise O'Sherin,43,Female,15173,Direct,Chennai,Coimbatore,S1,54,1301,11/13/2025,Cancelled
451,Rivalee Butchard,68,Genderqueer,48696,Online,Bangalore,Chennai,A1,29,984,5/26/2022,Confirmed
452,Flory D'Elia,49,Female,3392,Counter,Hyderabad,Coimbatore,S3,55,717,2/18/2023,Confirmed
453,Peder McNabb,72,Non-binary,27517,Online,Bangalore,Salem,D1,7,2400,11/24/2022,RAC
454,Lexis Lindberg,64,Female,61336,Counter,Bangalore,Coimbatore,B1,53,2060,5/8/2019,Waiting
455,Jacenta Durban,51,Female,87890,Counter,Chennai,Salem,S3,64,114,10/22/2019,Waiting
456,Grethel Martill,73,Bigender,26266,Tatkal,Madurai,Coimbatore,B1,32,2242,1/28/2024,Confirmed
457,Clemmie Boddington,59,Genderfluid,85687,Counter,Tirunelveli,Tirunelveli,S3,19,406,5/18/2022,Confirmed
458,Solly M'Quharg,38,Male,2481,Counter,Hyderabad,Bangalore,D1,11,1359,5/1/2026,RAC
459,Addy Spencers,49,Non-binary,14580,Tatkal,Chennai,Salem,S3,61,1945,9/18/2024,Waiting
460,Tamma Hukin,79,Female,38576,Direct,Bangalore,Bangalore,S3,53,2049,10/27/2023,RAC
461,Blair Drohun,13,Male,86477,Counter,Salem,Bangalore,A1,31,1219,10/28/2025,Confirmed
462,Carlie Southon,52,Female,88058,Counter,Chennai,Hyderabad,S1,13,1779,1/15/2024,RAC
463,Dukie Henrichs,16,Male,42021,Tatkal,Chennai,Tirunelveli,S1,44,2458,11/20/2021,Confirmed
464,Etta Timbridge,31,Female,11642,Online,Erode,Coimbatore,D1,41,1834,9/21/2023,Confirmed
465,Kathye Petrak,73,Female,96443,Tatkal,Tirunelveli,Coimbatore,D1,63,1856,5/24/2022,Cancelled
466,Tybi Egarr,68,Female,71815,Direct,Trichy,Erode,S3,1,2071,10/3/2019,Confirmed
467,Rockie Kirby,6,Male,8233,Tatkal,Chennai,Trichy,S1,70,1561,11/1/2023,Cancelled
468,Jacquenette Ayto,15,Female,73191,Online,Chennai,Bangalore,S1,59,1583,1/20/2019,Confirmed
469,Beverlee Coyle,8,Female,68777,Tatkal,Salem,Trichy,B1,67,279,8/16/2024,Cancelled
470,Livvie Castilljo,62,Female,76153,Direct,Chennai,Chennai,S1,7,1960,1/26/2019,RAC
471,Nicki Marnane,78,Female,63563,Direct,Tirunelveli,Madurai,S1,4,211,9/9/2025,Cancelled
472,Ettore Lippingwell,15,Male,30036,Direct,Salem,Bangalore,S2,56,2238,9/20/2018,Waiting
473,Barbaraanne Hagyard,22,Female,16291,Direct,Hyderabad,Erode,B1,57,2272,5/11/2021,Cancelled
474,Neal Oxbury,75,Male,12942,Counter,Tirunelveli,Trichy,A2,3,1367,10/7/2022,RAC
475,Aldo Pitsall,76,Male,66349,Counter,Coimbatore,Salem,D1,24,1630,4/10/2021,RAC
476,Morna Letchmore,43,Polygender,39029,Direct,Bangalore,Trichy,B1,46,453,6/23/2022,RAC
477,Lauree Cregin,49,Female,93500,Online,Trichy,Erode,D1,35,445,6/26/2021,Cancelled
478,Reeta Lansbury,51,Female,17603,Tatkal,Madurai,Tirunelveli,S3,7,445,1/16/2020,RAC
479,Charlton Orneblow,76,Male,76645,Online,Salem,Chennai,A1,37,967,8/2/2024,Confirmed
480,Thaddus Daish,16,Polygender,14166,Online,Hyderabad,Madurai,A1,21,712,4/14/2020,Confirmed
481,Lilli Gilbride,37,Female,95641,Tatkal,Tirunelveli,Erode,A1,18,1061,4/4/2026,RAC
482,Lorna Denniston,31,Female,18580,Online,Erode,Hyderabad,A1,8,918,8/21/2023,Confirmed
483,Deeanne Escalante,13,Non-binary,68488,Online,Trichy,Madurai,S3,1,1305,6/5/2021,Confirmed
484,Ebba Capoun,52,Female,26857,Online,Erode,Tirunelveli,B1,11,375,4/18/2024,Waiting
485,Minnnie Raulin,39,Female,93615,Tatkal,Salem,Hyderabad,D1,69,1657,1/2/2020,Waiting
486,Sol Bischof,50,Male,97786,Counter,Bangalore,Salem,D1,44,1474,11/1/2018,Confirmed
487,Ann Wheildon,63,Female,29156,Online,Tirunelveli,Tirunelveli,B1,67,1944,10/19/2018,Cancelled
488,Oralla Rubinsaft,36,Female,40705,Online,Coimbatore,Hyderabad,D1,58,1852,4/9/2020,RAC
489,Malissia Station,51,Female,96196,Direct,Erode,Tirunelveli,D1,2,608,1/3/2020,Cancelled
490,Mona Rekes,54,Female,92354,Online,Trichy,Madurai,A1,1,1427,3/30/2025,Cancelled
491,Ardeen Cupper,12,Female,40922,Direct,Tirunelveli,Bangalore,A2,55,1525,10/13/2019,Confirmed
492,Jenna Mimmack,6,Female,98476,Direct,Chennai,Hyderabad,S3,47,2408,10/23/2019,Cancelled
493,Florinda Thyng,14,Female,28769,Online,Trichy,Bangalore,S1,3,1552,4/5/2019,Confirmed
494,Bianca Planks,79,Female,59809,Tatkal,Coimbatore,Chennai,A1,61,621,2/21/2026,Waiting
495,Desmond Erangey,64,Male,22985,Online,Chennai,Tirunelveli,A2,20,1142,12/4/2022,Confirmed
496,Sam Hardinge,27,Female,96955,Counter,Madurai,Madurai,A2,28,1303,7/30/2019,RAC
497,Cesya Clyant,70,Female,54294,Online,Bangalore,Bangalore,B1,30,2281,8/9/2019,Confirmed
498,Jethro Franklin,67,Male,29828,Counter,Trichy,Chennai,D1,43,438,12/14/2025,Waiting
499,Maryl Mapson,24,Female,62598,Online,Salem,Salem,S1,50,212,10/9/2024,Waiting
500,Pietra Crocker,71,Female,93838,Tatkal,Chennai,Bangalore,S2,69,1321,11/27/2022,RAC
501,Demetre Anstead,40,Male,32420,Counter,Chennai,Erode,D1,56,2405,10/13/2019,Confirmed
502,Gerald Chadburn,15,Male,7674,Counter,Madurai,Madurai,B1,72,862,12/24/2022,Waiting
503,Shelden Chaplyn,35,Male,66101,Tatkal,Salem,Coimbatore,S3,67,628,9/6/2025,Cancelled
504,Rossie Dartnall,22,Male,69686,Online,Tirunelveli,Salem,S2,58,218,1/1/2020,Waiting
505,Stewart Ordidge,34,Male,44234,Online,Bangalore,Hyderabad,S1,60,1969,6/10/2018,RAC
506,Aili Lovett,61,Female,73991,Online,Coimbatore,Trichy,A1,46,672,12/2/2023,RAC
507,Eleanore Tidder,35,Genderqueer,71625,Tatkal,Tirunelveli,Bangalore,S2,19,478,4/3/2022,Confirmed
508,Euell Gosnay,18,Male,72597,Tatkal,Madurai,Trichy,D1,3,2280,1/13/2020,RAC
509,Cull Pegden,49,Male,33698,Direct,Madurai,Chennai,S2,30,963,1/23/2023,RAC
510,Roderich Shoemark,51,Male,86032,Counter,Chennai,Chennai,D1,55,476,9/1/2023,Cancelled
511,Gerhardt Weetch,69,Male,87475,Online,Tirunelveli,Hyderabad,S1,24,1751,6/16/2020,RAC
512,Saxe Rantoull,62,Male,5780,Online,Tirunelveli,Trichy,S2,3,369,8/22/2023,Confirmed
513,Beitris Gyngell,8,Non-binary,18447,Online,Salem,Bangalore,A1,58,1193,5/6/2020,Confirmed
514,Clotilda Tanfield,32,Female,92684,Direct,Coimbatore,Coimbatore,D1,42,278,9/1/2025,Cancelled
515,Wanda Izakof,73,Female,59548,Direct,Hyderabad,Trichy,A2,10,1941,12/18/2022,Cancelled
516,Niall McElree,28,Male,56767,Direct,Bangalore,Chennai,S1,68,2447,3/18/2020,Waiting
517,Simona Maskall,60,Female,47988,Tatkal,Madurai,Hyderabad,S2,3,1744,1/21/2019,RAC
518,Hendrik Slator,54,Male,22192,Direct,Salem,Madurai,A2,60,1091,4/23/2025,Cancelled
519,Bentley Pridmore,55,Male,38373,Tatkal,Coimbatore,Erode,S2,50,1909,2/19/2026,RAC
520,Ariella Placidi,13,Female,46995,Tatkal,Erode,Coimbatore,A2,9,1814,10/5/2019,RAC
521,Kiley Swanger,72,Male,33649,Direct,Chennai,Erode,A2,37,210,7/22/2022,Confirmed
522,Dale Jouanny,12,Female,33155,Tatkal,Bangalore,Chennai,A1,5,173,5/2/2019,Waiting
523,Gilbert McClurg,43,Male,71901,Counter,Erode,Salem,D1,3,639,5/9/2021,Confirmed
524,Tyrone Culbard,6,Agender,67227,Counter,Hyderabad,Bangalore,B1,49,1787,8/21/2023,RAC
525,Pinchas Petche,29,Male,74300,Counter,Hyderabad,Tirunelveli,S1,18,483,6/12/2019,Confirmed
526,Ibbie Tockell,12,Bigender,14772,Direct,Erode,Erode,A1,33,1450,7/24/2025,Waiting
527,Colman Scoles,28,Male,32409,Counter,Coimbatore,Salem,A1,67,1921,2/23/2024,RAC
528,Andee Perkis,10,Female,28079,Direct,Erode,Tirunelveli,B1,51,1341,9/19/2021,Confirmed
529,Yance Veel,12,Male,86085,Tatkal,Bangalore,Hyderabad,D1,61,2043,4/28/2024,RAC
530,Patsy McCromley,71,Agender,26189,Tatkal,Salem,Tirunelveli,B1,9,2105,12/7/2024,RAC
531,Marigold Bodocs,21,Female,72245,Direct,Trichy,Erode,S2,8,904,1/3/2019,RAC
532,Shirlene Deeson,56,Female,77631,Counter,Coimbatore,Chennai,B1,68,1325,4/14/2020,RAC
533,Pippo Studholme,45,Male,63869,Counter,Salem,Trichy,A2,35,1619,2/12/2021,RAC
534,Morgun Jarry,50,Genderfluid,11905,Direct,Hyderabad,Tirunelveli,A2,11,1835,8/24/2020,RAC
535,Erv Hawton,72,Male,11979,Counter,Salem,Tirunelveli,B1,35,199,5/11/2024,Waiting
536,Duff Andrin,49,Male,65866,Counter,Tirunelveli,Erode,A1,68,1314,8/2/2022,Cancelled
537,Gian Maryott,26,Male,47168,Counter,Hyderabad,Erode,A2,19,1109,8/13/2018,Waiting
538,Carmon Bigglestone,18,Female,49541,Counter,Tirunelveli,Trichy,A2,21,245,10/30/2020,Cancelled
539,Marius Milton-White,6,Male,56502,Online,Hyderabad,Trichy,S2,62,223,10/28/2018,Confirmed
540,Kippie Campos,39,Female,72117,Direct,Tirunelveli,Madurai,A1,9,1705,5/12/2021,RAC
541,Kellyann Wackley,71,Female,24402,Counter,Erode,Tirunelveli,S3,51,1523,11/24/2024,RAC
542,Grace Elsip,66,Male,63226,Counter,Chennai,Madurai,S2,46,1017,3/20/2022,RAC
543,Anabel Clackson,32,Non-binary,71022,Direct,Coimbatore,Salem,S3,39,837,6/21/2020,Cancelled
544,Pennie Varrow,12,Male,78870,Counter,Chennai,Madurai,S1,24,1883,2/11/2019,Confirmed
545,Wain Greystoke,55,Male,78492,Online,Salem,Erode,S3,36,1592,1/16/2020,Cancelled
546,Charles Jochen,53,Male,3939,Direct,Bangalore,Salem,D1,56,1688,7/16/2023,Confirmed
547,Kelley Bonome,21,Male,18183,Direct,Tirunelveli,Trichy,S1,36,1095,10/15/2023,RAC
548,Olia Di Pietro,80,Female,41181,Direct,Chennai,Chennai,A1,72,1000,6/14/2018,Cancelled
549,Buddie Ferron,62,Male,45819,Tatkal,Erode,Madurai,A2,36,1762,11/19/2018,Waiting
550,Franzen Ridder,68,Male,93061,Counter,Trichy,Tirunelveli,A2,31,1904,8/5/2018,Cancelled
551,Dino Vedenichev,64,Male,47541,Direct,Madurai,Erode,S3,64,1277,12/9/2023,RAC
552,Kaja Martygin,78,Female,54304,Online,Trichy,Bangalore,B1,42,128,9/8/2023,Cancelled
553,Dianne Purrington,33,Female,80935,Direct,Coimbatore,Madurai,B1,71,686,8/3/2019,Cancelled
554,Cathlene Muffin,62,Female,91963,Tatkal,Chennai,Hyderabad,B1,53,2249,11/30/2025,RAC
555,Talbot Dinning,9,Male,56767,Counter,Chennai,Tirunelveli,A1,18,1193,6/10/2020,RAC
556,Essy Harbach,73,Female,14809,Counter,Madurai,Salem,S1,1,978,5/29/2025,Cancelled
557,Jarrid Cruz,67,Male,9119,Direct,Coimbatore,Trichy,S1,53,638,7/2/2019,RAC
558,Lanni Clarage,20,Female,38055,Online,Hyderabad,Hyderabad,S2,4,1195,11/10/2018,RAC
559,Janis Raddin,69,Female,29888,Tatkal,Coimbatore,Tirunelveli,B1,18,648,9/2/2025,Waiting
560,Francisca Clyde,77,Female,28767,Direct,Chennai,Trichy,A1,10,999,7/6/2020,Cancelled
561,Gerrilee Fergie,46,Genderfluid,53672,Online,Erode,Chennai,A1,5,517,4/12/2025,Waiting
562,Merry Boumphrey,73,Female,88394,Tatkal,Bangalore,Hyderabad,A1,5,1897,5/25/2025,Confirmed
563,Christiane Wiffill,41,Female,39275,Tatkal,Trichy,Trichy,A1,24,559,5/20/2020,Waiting
564,Hamilton Beauchop,54,Male,18242,Online,Coimbatore,Tirunelveli,S1,2,1308,3/1/2019,RAC
565,Goran Scarman,30,Male,36281,Counter,Erode,Trichy,D1,31,2225,3/21/2023,RAC
566,Gerhardt Traill,42,Male,4165,Tatkal,Trichy,Bangalore,A1,21,1391,10/22/2020,Confirmed
567,Hershel Shuker,48,Male,13100,Direct,Salem,Bangalore,S1,39,1319,5/12/2025,Cancelled
568,Consolata Newnham,37,Female,98341,Counter,Coimbatore,Trichy,S3,30,660,6/18/2018,Confirmed
569,Marillin Brimblecomb,17,Female,6310,Tatkal,Bangalore,Chennai,D1,53,1306,7/19/2022,RAC
570,Michaelina Carlone,69,Female,57336,Counter,Chennai,Erode,S3,67,1248,2/25/2022,Cancelled
571,Jayme Concannon,34,Male,59697,Direct,Bangalore,Erode,S2,70,2415,12/31/2021,RAC
572,Willy McElmurray,31,Male,38977,Tatkal,Hyderabad,Bangalore,B1,36,2458,2/7/2024,Cancelled
573,Deirdre Gloy,52,Female,28307,Direct,Salem,Erode,S2,37,306,10/24/2021,RAC
574,Titos Antunes,18,Bigender,34554,Online,Coimbatore,Chennai,D1,54,455,7/1/2024,Confirmed
575,Gasparo Adshad,5,Bigender,99251,Tatkal,Chennai,Tirunelveli,A2,6,1711,4/22/2020,RAC
576,Paquito Dodson,55,Male,56163,Tatkal,Chennai,Coimbatore,S3,11,2181,9/28/2022,RAC
577,Arnuad Gough,55,Male,53326,Counter,Bangalore,Coimbatore,S3,16,1546,6/1/2018,Confirmed
578,Dieter McIlwaine,72,Male,62793,Counter,Hyderabad,Coimbatore,A2,41,2500,7/22/2019,Confirmed
579,Rudy Mollatt,5,Male,25640,Direct,Madurai,Bangalore,A2,57,383,10/12/2018,Confirmed
580,Regan McConnulty,79,Bigender,82415,Online,Coimbatore,Coimbatore,S3,6,105,9/1/2022,Waiting
581,Tiebout Merit,10,Male,26184,Direct,Tirunelveli,Hyderabad,S1,66,162,12/23/2020,Confirmed
582,Tish Kingsford,78,Female,84074,Tatkal,Hyderabad,Erode,A2,5,1141,7/15/2020,RAC
583,Malvin Mansion,73,Male,4625,Counter,Bangalore,Chennai,D1,30,1839,7/31/2018,RAC
584,Chandra Cousins,28,Polygender,75460,Online,Salem,Madurai,S2,65,1373,6/2/2018,RAC
585,Blythe Cropp,7,Female,94406,Counter,Madurai,Coimbatore,B1,9,2147,10/7/2018,Waiting
586,Henryetta Bourdice,69,Agender,13817,Counter,Bangalore,Madurai,D1,36,2122,4/24/2021,Confirmed
587,Salem Patinkin,20,Male,85914,Tatkal,Trichy,Erode,A1,6,654,12/26/2019,Confirmed
588,Thorndike Bernette,10,Male,37443,Direct,Erode,Coimbatore,D1,24,1986,3/7/2020,Waiting
589,Spense Radoux,15,Male,87724,Direct,Coimbatore,Chennai,B1,15,509,3/19/2023,Cancelled
590,Laural Simononsky,55,Female,32267,Counter,Salem,Hyderabad,A1,68,599,8/23/2022,Confirmed
591,Baryram Groundwator,35,Male,85816,Direct,Coimbatore,Bangalore,B1,49,1576,1/4/2021,Confirmed
592,Florenza Andrejs,75,Female,70776,Counter,Trichy,Coimbatore,S1,35,1994,9/28/2019,RAC
593,Clarence Houlson,68,Male,21903,Online,Bangalore,Chennai,D1,55,801,10/18/2021,Cancelled
594,Judd Branno,20,Male,24315,Direct,Bangalore,Hyderabad,S1,54,2287,4/18/2019,Confirmed
595,Abbie Guitt,37,Male,89824,Online,Tirunelveli,Hyderabad,B1,42,2019,1/10/2021,Cancelled
596,Arney Pragnall,53,Male,61921,Tatkal,Erode,Hyderabad,D1,60,2225,1/10/2023,Cancelled
597,Madelena Trownson,5,Female,59896,Direct,Hyderabad,Madurai,A1,68,2177,2/12/2022,Waiting
598,Tymon Camm,45,Genderqueer,22895,Direct,Bangalore,Tirunelveli,D1,42,1543,5/19/2022,RAC
599,Pattie Kidgell,17,Male,41280,Online,Hyderabad,Madurai,A2,35,640,1/30/2025,Confirmed
600,Jefferey Kiossel,41,Male,14914,Direct,Hyderabad,Erode,S1,71,2220,2/21/2022,Cancelled
601,Matthew Warrack,33,Male,40977,Online,Tirunelveli,Trichy,B1,55,2016,11/12/2019,RAC
602,Sayer Sybbe,76,Male,59223,Counter,Salem,Chennai,B1,21,275,7/9/2022,Waiting
603,Truman Widdall,31,Male,78416,Counter,Madurai,Coimbatore,D1,35,1750,11/9/2023,Confirmed
604,Leora Lupton,26,Female,8581,Tatkal,Erode,Chennai,A2,64,971,7/18/2022,Cancelled
605,Cyrillus Cockayme,39,Male,96954,Online,Hyderabad,Trichy,D1,7,2121,6/22/2018,Confirmed
606,Lyndell Houchen,78,Female,79754,Tatkal,Chennai,Bangalore,A2,69,287,6/2/2025,Cancelled
607,Melisenda Pressland,51,Female,99691,Tatkal,Bangalore,Salem,B1,66,1287,12/5/2022,Cancelled
608,Nedi Uvedale,49,Female,50826,Online,Hyderabad,Madurai,B1,10,1884,7/2/2024,RAC
609,Sam Wolpert,59,Male,56067,Tatkal,Hyderabad,Salem,S2,4,1261,5/12/2026,Cancelled
610,Weider Priditt,57,Genderqueer,86025,Counter,Coimbatore,Chennai,A1,29,395,12/27/2020,Cancelled
611,Melessa Longo,63,Female,64206,Counter,Trichy,Coimbatore,S1,56,1191,7/29/2021,RAC
612,Joline Kingswell,29,Female,12148,Direct,Coimbatore,Chennai,S2,33,1172,4/27/2020,RAC
613,Ced McClinton,73,Male,98716,Direct,Madurai,Madurai,A1,32,1550,10/14/2022,Cancelled
614,Eddy Erswell,61,Female,33943,Tatkal,Bangalore,Bangalore,S1,24,444,11/21/2023,Waiting
615,Lucia Kuhn,27,Female,6526,Direct,Chennai,Coimbatore,A1,17,735,9/11/2023,Waiting
616,Hyacinthie Fold,16,Female,37503,Direct,Tirunelveli,Erode,S2,29,1785,5/11/2021,Confirmed
617,Biron Meese,73,Male,64891,Counter,Coimbatore,Chennai,B1,4,1384,9/15/2025,Waiting
618,Alix Bidmead,67,Female,24754,Direct,Chennai,Salem,S2,49,2166,9/22/2019,Cancelled
619,Jennica Lacase,36,Female,63160,Tatkal,Salem,Hyderabad,S2,30,987,6/5/2018,RAC
620,Dunn Haacker,66,Male,37494,Direct,Hyderabad,Chennai,S1,40,1329,6/3/2025,Confirmed
621,Angelique Stanney,45,Female,33980,Tatkal,Coimbatore,Tirunelveli,A2,59,1565,6/30/2023,Waiting
622,Gilemette de Najera,74,Female,42070,Tatkal,Hyderabad,Trichy,S3,13,718,3/31/2026,Waiting
623,Reilly Dudbridge,56,Male,82937,Direct,Bangalore,Tirunelveli,S2,10,317,2/24/2022,Waiting
624,Koren Grishakin,24,Female,76053,Online,Hyderabad,Erode,B1,2,1839,12/30/2021,Waiting
625,Germaine McEvoy,64,Non-binary,42030,Online,Trichy,Madurai,B1,52,2115,10/26/2022,Confirmed
626,Wallis Maffeo,54,Male,10816,Counter,Madurai,Coimbatore,S3,33,1146,11/16/2018,RAC
627,Lilah Blake,76,Female,68415,Online,Madurai,Madurai,A1,63,1328,1/12/2022,Confirmed
628,Erminie Heugle,24,Female,14582,Direct,Erode,Madurai,B1,1,1745,8/4/2022,Cancelled
629,Romain Skarin,80,Male,89399,Tatkal,Chennai,Coimbatore,S2,67,1562,10/30/2020,Waiting
630,Ana Railton,66,Female,36535,Counter,Erode,Chennai,S2,12,2074,11/6/2022,RAC
631,Lorena Eshmade,39,Female,62559,Online,Chennai,Salem,A2,43,1529,6/10/2018,Waiting
632,Quillan Beadell,20,Male,80587,Counter,Hyderabad,Erode,D1,31,182,11/11/2023,Waiting
633,Geralda Dinsdale,6,Female,79668,Counter,Bangalore,Erode,S2,44,1011,10/26/2022,RAC
634,Ray Kinnier,54,Male,69029,Direct,Bangalore,Bangalore,S1,50,1718,4/6/2024,Cancelled
635,Lorri Blanchette,9,Female,94557,Tatkal,Salem,Bangalore,A1,40,999,2/11/2025,Confirmed
636,Sax Lies,24,Bigender,30689,Tatkal,Chennai,Madurai,B1,58,1532,5/18/2022,Cancelled
637,Merle Freeman,16,Genderqueer,76854,Tatkal,Coimbatore,Coimbatore,A1,13,1787,5/30/2024,Confirmed
638,Berky Maggs,62,Male,84697,Tatkal,Erode,Bangalore,B1,18,1133,5/7/2024,RAC
639,Lauraine Scholar,72,Female,33623,Tatkal,Hyderabad,Hyderabad,B1,28,905,1/27/2025,Cancelled
640,Filbert Mielnik,61,Male,99470,Tatkal,Tirunelveli,Hyderabad,B1,1,504,6/22/2019,Confirmed
641,Carmela Methven,30,Female,79694,Direct,Chennai,Tirunelveli,S1,4,1504,10/6/2023,Waiting
642,Doralin McNirlin,47,Female,67916,Online,Erode,Chennai,A2,3,1395,10/5/2022,Confirmed
643,Cecil Derham,64,Male,31358,Tatkal,Hyderabad,Salem,D1,11,2005,9/27/2025,Waiting
644,Logan Rawlingson,9,Male,92797,Counter,Erode,Salem,B1,61,1564,1/16/2025,Cancelled
645,Wenda Kalberer,14,Female,47136,Tatkal,Bangalore,Hyderabad,B1,10,1203,10/11/2022,Cancelled
646,Melina Bartoleyn,8,Female,42244,Tatkal,Coimbatore,Trichy,S3,31,453,7/7/2023,RAC
647,Derby Crookshanks,59,Male,18202,Counter,Hyderabad,Bangalore,S1,19,1644,7/31/2023,RAC
648,Gus Bragg,77,Male,39103,Tatkal,Coimbatore,Tirunelveli,B1,5,2251,3/21/2020,RAC
649,Teodoro Salt,63,Male,42346,Counter,Coimbatore,Chennai,S1,62,1688,8/9/2024,Cancelled
650,Abagail Everall,50,Female,40438,Counter,Erode,Salem,S2,25,374,2/10/2026,Waiting
651,Husain Gaythor,27,Male,16422,Tatkal,Bangalore,Chennai,D1,48,2309,2/5/2024,Confirmed
652,Lynnell Muirden,76,Female,32341,Counter,Salem,Coimbatore,A2,58,750,6/4/2021,Cancelled
653,Erina Guyers,59,Female,25384,Tatkal,Hyderabad,Salem,S3,72,2352,7/24/2024,Confirmed
654,Jackquelin Shepard,15,Female,56505,Direct,Hyderabad,Madurai,S1,10,398,11/15/2024,Waiting
655,Jinny Sigge,10,Female,52537,Online,Coimbatore,Coimbatore,D1,58,1973,9/30/2018,Cancelled
656,Vivienne Swinfen,12,Female,71476,Counter,Tirunelveli,Tirunelveli,S3,33,316,6/28/2020,Waiting
657,Kyrstin Tiernan,9,Female,73711,Online,Tirunelveli,Bangalore,A2,63,804,4/17/2025,Confirmed
658,Lynde Ferran,65,Female,81336,Counter,Coimbatore,Salem,B1,72,2357,1/25/2019,RAC
659,Sabina Huguenet,70,Female,19798,Direct,Tirunelveli,Salem,D1,64,1462,9/30/2021,Cancelled
660,Ursa Moyse,52,Female,54928,Direct,Madurai,Bangalore,A1,11,875,11/11/2023,Cancelled
661,Berkeley Tiddy,50,Male,47349,Tatkal,Erode,Hyderabad,A1,27,531,10/23/2022,Cancelled
662,Raul Jentle,79,Non-binary,26127,Direct,Tirunelveli,Erode,S2,46,605,8/30/2018,Waiting
663,Garvey Sawell,11,Male,80302,Counter,Bangalore,Bangalore,D1,28,946,12/8/2024,Cancelled
664,Amble Bosket,58,Male,48529,Tatkal,Tirunelveli,Madurai,B1,44,2399,12/3/2025,Cancelled
665,Filip Hyne,13,Male,25758,Online,Salem,Madurai,S2,8,274,10/16/2023,Confirmed
666,Louise Bellany,73,Female,7125,Online,Madurai,Erode,D1,4,191,9/26/2023,RAC
667,Lillis Reggio,21,Female,37569,Counter,Trichy,Hyderabad,D1,57,1241,3/23/2020,Cancelled
668,Zacharias Onn,20,Male,23510,Direct,Salem,Tirunelveli,S1,38,1792,5/12/2022,Cancelled
669,Raphael Tolcher,78,Male,65276,Counter,Hyderabad,Trichy,A1,49,1817,4/2/2025,Waiting
670,Mar Pleager,50,Bigender,85873,Tatkal,Bangalore,Tirunelveli,A1,19,243,6/15/2025,Waiting
671,Janette Murphey,12,Female,79951,Online,Salem,Erode,A2,19,755,11/20/2023,Cancelled
672,George Hartzenberg,75,Male,42670,Counter,Chennai,Chennai,D1,49,1497,9/17/2020,Confirmed
673,Rozamond Darrigone,76,Female,65218,Counter,Salem,Erode,A1,64,1342,3/20/2021,Confirmed
674,Brandtr Bootland,27,Male,38142,Online,Hyderabad,Hyderabad,A1,67,153,4/17/2022,RAC
675,Farlie Gretton,44,Male,90442,Tatkal,Coimbatore,Erode,D1,6,1864,4/16/2020,RAC
676,Illa Colcomb,71,Female,68412,Direct,Coimbatore,Trichy,S3,66,706,5/14/2025,Waiting
677,Ax Parzizek,6,Male,38257,Counter,Tirunelveli,Erode,D1,50,1263,4/15/2025,Waiting
678,Broddie Patillo,21,Male,38973,Tatkal,Hyderabad,Madurai,A1,66,2174,2/16/2021,Cancelled
679,Martin Reef,46,Male,2553,Direct,Chennai,Hyderabad,S1,35,2024,10/16/2020,Cancelled
680,Giacinta Kinleyside,33,Female,19527,Counter,Salem,Madurai,A2,64,2215,2/10/2021,Waiting
681,Francine Cozins,66,Female,51017,Counter,Erode,Hyderabad,S2,29,1609,1/26/2023,RAC
682,Antonius Fittall,69,Male,67782,Direct,Chennai,Salem,S2,37,1274,9/24/2022,Cancelled
683,Kimball Stanlike,48,Male,76947,Tatkal,Trichy,Madurai,S2,26,986,4/23/2019,Cancelled
684,Obediah Vigneron,40,Male,27605,Direct,Salem,Chennai,A2,31,1575,9/2/2018,Confirmed
685,Kassandra Arnao,18,Female,87735,Counter,Trichy,Bangalore,S2,14,696,3/2/2024,Confirmed
686,Moss Cahen,66,Male,47868,Online,Hyderabad,Salem,S3,12,1970,8/11/2019,Cancelled
687,Ninnetta Sendley,11,Female,62249,Direct,Bangalore,Chennai,A2,35,1398,7/18/2023,Waiting
688,Brad Longstaff,26,Male,53581,Tatkal,Erode,Trichy,S1,40,997,2/27/2020,Confirmed
689,Jasmine Wheelband,21,Female,41542,Counter,Madurai,Tirunelveli,D1,34,1629,6/17/2019,Waiting
690,Hugibert Ilem,11,Male,35835,Online,Hyderabad,Coimbatore,A2,46,1167,8/30/2021,RAC
691,Katharyn Blazej,80,Female,86033,Counter,Tirunelveli,Salem,S2,53,1987,5/25/2025,Cancelled
692,Abra Chaperling,48,Female,60839,Direct,Chennai,Erode,S1,25,736,2/17/2025,Cancelled
693,Consuelo Hodgen,67,Female,61857,Tatkal,Madurai,Erode,S3,68,1601,3/13/2026,Confirmed
694,Arnie Bonhan,66,Male,40054,Counter,Salem,Chennai,S3,42,1615,1/25/2022,Waiting
695,Sheena Rooksby,56,Polygender,87579,Online,Chennai,Bangalore,B1,67,652,8/20/2025,RAC
696,Rubi Emeney,38,Female,65499,Counter,Tirunelveli,Chennai,D1,15,667,9/19/2022,Confirmed
697,Korry Bryden,26,Female,96146,Direct,Chennai,Coimbatore,S3,67,1483,11/23/2020,Cancelled
698,Benton Luna,38,Male,81658,Counter,Coimbatore,Madurai,A2,18,1153,9/16/2019,RAC
699,Auberta Randerson,71,Female,71740,Direct,Trichy,Bangalore,S3,27,1302,8/20/2025,Waiting
700,Lincoln Attreed,67,Male,92559,Direct,Salem,Madurai,S3,56,910,12/26/2024,Cancelled
701,Jorie Biggadike,17,Female,26099,Direct,Salem,Coimbatore,S3,22,2051,10/30/2025,Waiting
702,Micheil Vinau,41,Male,80932,Direct,Madurai,Madurai,A1,42,2415,1/3/2023,Confirmed
703,Rozele Pamment,12,Female,27572,Direct,Trichy,Trichy,D1,17,804,9/1/2021,Cancelled
704,Seth Schultheiss,70,Male,67362,Online,Chennai,Madurai,A1,5,563,12/5/2018,Waiting
705,Leslie Kalberer,61,Male,45104,Direct,Hyderabad,Tirunelveli,A2,37,867,8/2/2023,Waiting
706,Ariel Sawyers,34,Genderqueer,72149,Counter,Salem,Trichy,S2,17,1957,2/21/2020,Cancelled
707,Gerick Watmough,70,Male,47843,Counter,Chennai,Trichy,A2,7,195,7/18/2020,Waiting
708,Gratia Statham,33,Female,52768,Direct,Erode,Salem,B1,39,1728,8/11/2020,Confirmed
709,Weber Langelaan,43,Male,97759,Direct,Coimbatore,Tirunelveli,S2,3,1274,5/11/2020,Confirmed
710,Irina Venditto,16,Bigender,29882,Counter,Trichy,Madurai,A1,26,801,7/27/2021,RAC
711,Derrick Lowater,78,Male,70169,Counter,Tirunelveli,Chennai,S3,60,445,7/30/2021,Cancelled
712,Dael D'Adamo,59,Male,65018,Direct,Coimbatore,Tirunelveli,D1,29,1604,4/26/2022,Waiting
713,Brnaby Lehr,22,Male,67199,Tatkal,Tirunelveli,Bangalore,S3,50,1449,3/8/2022,Confirmed
714,Celestine Kynoch,62,Female,63371,Tatkal,Tirunelveli,Coimbatore,A2,43,1087,7/18/2020,Cancelled
715,Giuseppe Abeau,16,Male,97224,Tatkal,Erode,Tirunelveli,D1,24,921,8/26/2019,Confirmed
716,Agnes Enston,46,Female,18878,Direct,Erode,Trichy,D1,71,797,3/12/2024,RAC
717,Hughie Mellenby,54,Bigender,42031,Counter,Tirunelveli,Erode,A1,58,2029,12/12/2025,RAC
718,Theodore Ebdin,73,Male,23307,Direct,Erode,Bangalore,S2,28,167,3/13/2020,Waiting
719,Francklyn Rojas,37,Male,66367,Tatkal,Erode,Chennai,S1,69,1804,12/11/2018,Waiting
720,Dasi Clavey,69,Female,73059,Direct,Hyderabad,Tirunelveli,D1,22,615,7/2/2020,Confirmed
721,Chloris Scotti,29,Female,6529,Counter,Chennai,Trichy,A2,24,900,12/4/2018,Waiting
722,Annabal Yerrill,9,Genderqueer,21731,Online,Hyderabad,Hyderabad,A2,56,360,7/23/2025,Waiting
723,Lewie Lovell,51,Male,72053,Counter,Chennai,Madurai,S1,69,1959,12/27/2025,Confirmed
724,Zaccaria Gillow,38,Male,51880,Online,Hyderabad,Tirunelveli,A2,21,1897,11/5/2018,Waiting
725,Rory Isles,17,Male,12009,Tatkal,Coimbatore,Madurai,D1,27,211,12/24/2022,RAC
726,Germana Lindsay,20,Female,24555,Direct,Bangalore,Bangalore,A1,26,129,7/9/2025,RAC
727,Ashlen McGonigle,69,Female,17670,Tatkal,Coimbatore,Erode,S1,36,2428,3/6/2026,Waiting
728,Regan Itzkovitch,79,Male,8037,Online,Madurai,Coimbatore,B1,37,1484,7/6/2019,Confirmed
729,Barde Minker,45,Male,90714,Counter,Bangalore,Erode,S3,5,590,3/27/2025,RAC
730,Owen Dewane,59,Male,99449,Online,Salem,Coimbatore,S3,30,2218,3/18/2024,Confirmed
731,Smitty Irving,79,Male,14811,Online,Salem,Bangalore,A2,38,1877,7/24/2020,Cancelled
732,Maritsa Brymham,64,Female,18785,Tatkal,Madurai,Erode,A1,2,1401,5/21/2023,RAC
733,Christen Raspel,57,Female,3798,Counter,Tirunelveli,Madurai,A2,49,447,8/15/2022,Waiting
734,Nona Wrotham,59,Female,63660,Direct,Tirunelveli,Salem,S3,1,360,9/7/2025,Cancelled
735,Elwin Ridges,49,Male,80835,Counter,Salem,Coimbatore,D1,72,1694,12/13/2023,Cancelled
736,Katie Ensten,78,Genderqueer,9301,Tatkal,Erode,Erode,S1,13,1097,2/22/2019,Cancelled
737,Cory Loseke,50,Female,96856,Counter,Erode,Bangalore,D1,58,1708,11/21/2020,Waiting
738,Myrna Bridge,35,Female,65911,Online,Hyderabad,Tirunelveli,S3,47,1555,11/3/2023,Cancelled
739,Janka Van de Castele,16,Female,53936,Online,Chennai,Trichy,B1,58,1648,4/26/2025,RAC
740,Mollee O'Looney,72,Genderfluid,81418,Online,Bangalore,Tirunelveli,B1,30,1670,5/20/2019,RAC
741,Farrel Gillyatt,77,Genderfluid,34330,Direct,Bangalore,Madurai,A2,20,562,6/6/2023,Cancelled
742,Jared Whittington,40,Male,37757,Direct,Coimbatore,Hyderabad,D1,49,2106,1/9/2022,Cancelled
743,Janelle Jolliff,18,Female,82946,Tatkal,Trichy,Coimbatore,A2,37,1877,1/20/2023,Confirmed
744,Fulvia Shankster,71,Female,51219,Counter,Bangalore,Erode,D1,39,2348,9/20/2025,Confirmed
745,Whittaker Glossup,60,Male,10670,Online,Trichy,Salem,A2,47,1073,10/14/2023,Waiting
746,Glynis Dumbellow,70,Female,44623,Counter,Madurai,Hyderabad,A1,17,888,4/22/2025,RAC
747,Gerda Benoiton,36,Polygender,61146,Tatkal,Tirunelveli,Salem,S1,41,1747,9/29/2020,Cancelled
748,Nadia Vanyashin,68,Female,45633,Counter,Hyderabad,Madurai,B1,29,1214,5/31/2022,Waiting
749,Kilian Antliff,16,Male,31302,Counter,Coimbatore,Madurai,S1,65,780,7/24/2024,Confirmed
750,Marilee Davenell,50,Female,51678,Direct,Erode,Hyderabad,A2,65,732,1/4/2019,RAC
751,Delmer Milthorpe,40,Male,84707,Counter,Hyderabad,Salem,S2,44,2435,4/9/2023,RAC
752,Toinette Sprade,51,Female,64962,Direct,Salem,Bangalore,S1,3,2342,12/17/2023,Confirmed
753,Alphonse Korb,79,Bigender,87669,Counter,Hyderabad,Tirunelveli,B1,66,2161,2/23/2023,Cancelled
754,Olwen Larcher,48,Female,90345,Counter,Madurai,Salem,D1,26,446,2/16/2020,Confirmed
755,Shirleen Dabnor,10,Female,52862,Direct,Chennai,Madurai,S3,40,978,12/22/2025,RAC
756,Kinnie Riccardini,31,Male,13701,Direct,Madurai,Erode,S2,49,700,2/27/2025,Cancelled
757,Maxy Dannohl,78,Female,49160,Direct,Chennai,Chennai,B1,45,1584,10/8/2019,Confirmed
758,Aluin Roddick,68,Male,8821,Counter,Hyderabad,Chennai,S1,52,2452,12/14/2025,Cancelled
759,Porty O'Dooghaine,33,Male,48495,Tatkal,Bangalore,Tirunelveli,B1,65,2415,6/12/2019,Cancelled
760,Lindsey Stobbie,75,Male,30594,Counter,Hyderabad,Salem,D1,10,349,1/3/2022,Cancelled
761,Inness Mendoza,19,Male,72353,Tatkal,Hyderabad,Madurai,A1,28,1719,11/12/2025,Confirmed
762,Marcellina MacElholm,80,Female,89075,Tatkal,Bangalore,Tirunelveli,S3,21,976,8/24/2023,Cancelled
763,Christie Stoile,7,Female,86644,Tatkal,Madurai,Bangalore,S2,11,2426,10/6/2018,Confirmed
764,Kamilah Broadbear,15,Female,8154,Online,Tirunelveli,Tirunelveli,B1,31,1429,8/7/2019,Confirmed
765,Dorothea Bonefant,72,Female,7944,Counter,Trichy,Trichy,S2,4,2350,2/13/2020,Confirmed
766,Kiersten Bodimeade,17,Non-binary,9564,Tatkal,Tirunelveli,Chennai,D1,22,475,8/19/2019,Confirmed
767,Hannis Lux,50,Female,25062,Tatkal,Trichy,Salem,S2,53,1145,12/2/2021,Cancelled
768,Alysa Burgen,24,Female,1959,Counter,Salem,Erode,B1,53,2317,5/6/2019,Confirmed
769,Ramsay Pinard,65,Male,97315,Tatkal,Madurai,Coimbatore,A1,47,2042,5/8/2025,Confirmed
770,Clarabelle Klug,54,Female,43020,Counter,Tirunelveli,Chennai,A1,21,1883,1/9/2026,Confirmed
771,Selene Drillingcourt,73,Female,53333,Tatkal,Chennai,Chennai,S1,41,447,2/4/2025,Waiting
772,Tate Coslitt,18,Male,40611,Direct,Erode,Erode,A1,25,1805,6/13/2019,Waiting
773,Chiquita Ruller,22,Female,40697,Direct,Tirunelveli,Chennai,B1,68,233,1/9/2024,Confirmed
774,Hogan Painswick,6,Male,90487,Online,Salem,Bangalore,A2,54,1253,9/20/2022,Waiting
775,Adria Klimek,36,Female,58765,Counter,Bangalore,Salem,S3,49,2173,4/18/2026,RAC
776,Harlene Folini,34,Female,14227,Counter,Chennai,Coimbatore,S3,61,579,3/1/2019,Waiting
777,Gunner Such,35,Male,61508,Direct,Chennai,Bangalore,S2,43,1056,8/18/2021,RAC
778,Shaun Overnell,36,Male,62729,Counter,Madurai,Trichy,B1,5,2261,4/27/2019,Waiting
779,Gregoire Bernardy,48,Male,12855,Counter,Erode,Tirunelveli,A2,1,1028,7/7/2019,Cancelled
780,Chaddie Searle,32,Male,22901,Direct,Salem,Chennai,S2,27,1066,11/10/2021,Confirmed
781,Jamey Lavers,8,Male,71893,Tatkal,Erode,Coimbatore,A1,44,1138,5/7/2025,Cancelled
782,Rodolph Bambury,11,Male,2408,Direct,Trichy,Erode,S3,53,959,12/25/2018,RAC
783,Liva Nazaret,77,Female,67189,Online,Hyderabad,Trichy,A1,37,2236,2/12/2020,Waiting
784,Emile Bartolomeazzi,70,Male,6541,Online,Erode,Bangalore,A1,63,738,11/2/2022,Cancelled
785,Sylas Oliva,41,Male,40477,Online,Tirunelveli,Erode,S2,69,1091,11/14/2022,Waiting
786,Veronica Wadley,79,Female,81611,Counter,Trichy,Tirunelveli,S1,37,386,2/3/2021,Cancelled
787,Milly Wilce,55,Female,49202,Direct,Erode,Trichy,A2,18,892,1/14/2020,RAC
788,Christen Reily,42,Female,52765,Counter,Tirunelveli,Hyderabad,S2,12,2354,8/24/2022,Waiting
789,Joaquin Tomaello,23,Male,20088,Online,Hyderabad,Trichy,B1,66,571,8/26/2021,Waiting
790,Rafaellle Walwood,47,Male,51476,Counter,Chennai,Chennai,S1,58,2181,4/20/2025,Confirmed
791,Kelci Bouller,73,Female,84405,Tatkal,Coimbatore,Erode,S1,47,812,12/8/2024,RAC
792,Vanny Klain,37,Female,42646,Counter,Trichy,Salem,A1,23,1370,2/6/2023,Waiting
793,Rorie Deex,10,Female,72160,Tatkal,Tirunelveli,Hyderabad,B1,22,1422,6/20/2018,RAC
794,Jone Huke,23,Male,52576,Counter,Tirunelveli,Salem,S3,66,1828,10/6/2020,Waiting
795,Chelsy Fraschini,44,Female,70967,Direct,Erode,Bangalore,S1,7,1588,3/7/2026,Confirmed
796,Mikey Seakes,48,Male,72709,Tatkal,Tirunelveli,Madurai,B1,35,1729,1/5/2023,Confirmed
797,Almira Bugdall,58,Female,79635,Direct,Salem,Chennai,A2,41,1940,7/15/2024,Cancelled
798,El Whitechurch,66,Non-binary,18927,Counter,Tirunelveli,Salem,A2,66,1836,4/28/2020,Cancelled
799,Bourke Jenteau,34,Male,74234,Tatkal,Trichy,Salem,A1,48,1386,8/16/2023,RAC
800,Heida Pylkynyton,22,Female,24584,Direct,Coimbatore,Chennai,S3,32,1659,9/8/2019,Confirmed
801,Joan Agge,29,Female,50034,Counter,Bangalore,Bangalore,S1,31,2164,11/9/2019,Cancelled
802,Waneta Kinder,36,Female,18545,Tatkal,Chennai,Tirunelveli,B1,70,913,12/31/2025,Waiting
803,Bernette Guttridge,43,Female,53451,Tatkal,Trichy,Tirunelveli,A1,62,478,2/20/2024,RAC
804,Mildred Follit,69,Female,52704,Online,Bangalore,Coimbatore,A1,21,377,7/24/2021,Cancelled
805,Archaimbaud Ascrofte,59,Male,10225,Online,Hyderabad,Trichy,A2,4,950,4/7/2020,Waiting
806,Correna Wearne,48,Female,29298,Counter,Erode,Bangalore,D1,58,1042,12/25/2022,RAC
807,Tandy MacCook,73,Female,16244,Direct,Bangalore,Salem,A2,62,2199,8/11/2022,Waiting
808,Tyne Giannini,78,Female,17399,Counter,Tirunelveli,Trichy,B1,24,887,2/24/2021,RAC
809,Rina Runnicles,75,Female,88828,Counter,Tirunelveli,Hyderabad,B1,57,2301,4/6/2026,Confirmed
810,Nissie Devlin,42,Female,87933,Direct,Chennai,Madurai,A1,32,803,6/15/2019,Cancelled
811,Connie Janata,59,Male,35357,Tatkal,Tirunelveli,Tirunelveli,S3,24,2277,4/26/2024,Confirmed
812,Devina Gaukrodge,78,Female,42898,Online,Erode,Erode,S3,11,1986,4/12/2021,Cancelled
813,Roarke Szymoni,38,Male,77763,Direct,Trichy,Coimbatore,S2,41,948,3/15/2021,Confirmed
814,Osmund Allbon,32,Male,21218,Tatkal,Erode,Hyderabad,A2,17,2392,4/18/2019,RAC
815,Charleen Raveau,35,Female,99898,Counter,Chennai,Chennai,A1,18,1362,3/6/2023,Confirmed
816,Hercules Darville,41,Male,76599,Online,Bangalore,Hyderabad,A2,55,525,7/22/2023,Waiting
817,Sebastian Usherwood,21,Male,36445,Direct,Madurai,Trichy,B1,58,1281,5/24/2021,Cancelled
818,Elmo O'Scanlan,68,Male,73069,Direct,Erode,Salem,S2,20,467,3/18/2026,Cancelled
819,Junette Shannon,74,Female,26498,Online,Chennai,Bangalore,S1,31,131,3/30/2022,Waiting
820,Scotty Durston,58,Male,73293,Direct,Erode,Erode,A2,61,1523,1/17/2024,Cancelled
821,Renaud Boddie,15,Male,40972,Online,Madurai,Coimbatore,S3,67,1632,11/29/2020,Confirmed
822,Merrie Wrassell,37,Female,88866,Direct,Salem,Salem,A2,30,179,12/2/2020,Confirmed
823,Kerrill Hiscocks,32,Female,59386,Tatkal,Tirunelveli,Erode,S1,16,2001,8/8/2025,Cancelled
824,Amalee Paolo,20,Female,74642,Tatkal,Hyderabad,Trichy,B1,5,351,11/18/2022,RAC
825,Sarah Jonah,20,Female,32406,Online,Chennai,Bangalore,S1,2,2498,5/13/2021,RAC
826,Aldous Cush,50,Male,91902,Counter,Hyderabad,Salem,D1,32,143,6/3/2025,Waiting
827,Bondie Salvati,58,Genderfluid,2336,Direct,Coimbatore,Salem,S3,41,509,9/9/2023,Waiting
828,Fidelio Moizer,14,Male,18426,Direct,Salem,Hyderabad,D1,35,1939,6/25/2018,Waiting
829,Rab Corby,54,Male,26715,Direct,Erode,Erode,S2,6,235,7/21/2021,RAC
830,Kennan Craigheid,63,Genderqueer,9750,Online,Chennai,Trichy,B1,67,1539,10/10/2022,Confirmed
831,Stormy Lothean,60,Female,24189,Direct,Hyderabad,Bangalore,A1,7,1468,1/27/2019,RAC
832,Barclay Crauford,40,Male,85587,Counter,Coimbatore,Madurai,D1,36,2454,8/9/2020,Cancelled
833,Grace Wigsell,35,Male,60512,Tatkal,Salem,Tirunelveli,S2,28,2036,10/25/2024,Confirmed
834,Jeffry Akitt,23,Male,5936,Counter,Coimbatore,Tirunelveli,S3,12,1112,3/7/2026,Confirmed
835,Alley Annetts,15,Male,4179,Direct,Coimbatore,Salem,B1,32,721,12/25/2018,Cancelled
836,Lorie Esberger,55,Female,13729,Online,Tirunelveli,Salem,D1,35,177,11/1/2024,RAC
837,Roderick Kupec,13,Male,27542,Tatkal,Bangalore,Salem,B1,27,451,10/15/2024,Cancelled
838,Lemmie Deeprose,32,Male,83204,Online,Coimbatore,Bangalore,A2,12,1064,3/4/2023,RAC
839,Mark Falvey,52,Male,95929,Direct,Chennai,Erode,S3,2,1710,2/29/2024,RAC
840,Gregg Hagwood,74,Male,59525,Direct,Coimbatore,Trichy,B1,53,575,12/9/2024,RAC
841,Pancho Whitsey,57,Male,86672,Direct,Chennai,Madurai,S2,32,2307,12/5/2024,Cancelled
842,Cara Tschirschky,52,Female,10775,Online,Trichy,Salem,A2,8,786,12/6/2019,RAC
843,Roxana Pritty,38,Female,96183,Direct,Coimbatore,Chennai,B1,12,1679,10/22/2019,Confirmed
844,Raff Powelee,58,Male,2625,Tatkal,Tirunelveli,Hyderabad,A1,24,1122,2/10/2023,Confirmed
845,Fraser Pancoust,73,Male,64872,Online,Hyderabad,Hyderabad,A2,31,1052,11/15/2023,Cancelled
846,Caroline Gain,56,Genderqueer,54068,Online,Coimbatore,Coimbatore,S1,26,1992,5/29/2023,Waiting
847,Ly Fasler,17,Bigender,38040,Tatkal,Salem,Tirunelveli,D1,24,1721,3/28/2019,Confirmed
848,Terence Bellow,23,Polygender,58518,Direct,Coimbatore,Salem,A1,14,2109,7/18/2019,Confirmed
849,Chicky Frid,60,Female,12060,Direct,Coimbatore,Salem,S3,71,114,12/31/2025,Waiting
850,Filbert Fernie,6,Male,25914,Counter,Coimbatore,Hyderabad,A1,40,1594,12/2/2023,RAC
851,Caddric Pruckner,45,Male,35410,Counter,Chennai,Salem,A1,55,1379,5/17/2025,Confirmed
852,Marji Mourant,33,Genderqueer,35581,Direct,Erode,Salem,A1,41,2381,12/5/2018,Cancelled
853,Katleen Spottswood,33,Female,6224,Counter,Hyderabad,Trichy,B1,28,899,10/4/2023,RAC
854,Stanton Degoix,32,Male,33535,Direct,Madurai,Tirunelveli,A2,24,1629,2/9/2021,Cancelled
855,Barret Awin,59,Polygender,27792,Online,Hyderabad,Hyderabad,A1,35,1032,8/2/2025,Cancelled
856,Torre Coldridge,73,Male,68003,Tatkal,Erode,Chennai,A1,44,2074,4/25/2023,Waiting
857,Nevin Ordidge,11,Male,72377,Counter,Salem,Bangalore,B1,66,2006,2/11/2025,Confirmed
858,Avery Cardnell,65,Male,70965,Tatkal,Coimbatore,Chennai,S1,12,2488,8/8/2020,Confirmed
859,Ryann Kindleysides,51,Female,53801,Tatkal,Bangalore,Bangalore,A2,3,1418,4/16/2023,Cancelled
860,Christie Pittham,50,Male,8708,Counter,Hyderabad,Tirunelveli,S1,2,1619,9/29/2025,Cancelled
861,Peyter Shephard,62,Male,33561,Direct,Coimbatore,Tirunelveli,A1,63,1961,7/12/2018,Confirmed
862,Germaine Bullier,7,Female,18718,Online,Madurai,Tirunelveli,A2,30,2258,9/26/2024,RAC
863,Kinnie Lowndsbrough,21,Male,10155,Online,Salem,Madurai,S2,25,2060,6/9/2024,Confirmed
864,Gaile Stollwerck,46,Male,70429,Tatkal,Coimbatore,Erode,D1,24,1325,1/30/2022,Confirmed
865,Deeyn Gunthorp,21,Female,67860,Tatkal,Chennai,Tirunelveli,A2,70,1616,1/22/2022,Waiting
866,Peta Bone,74,Female,32831,Counter,Madurai,Coimbatore,S1,45,1123,7/8/2024,Confirmed
867,Maurizia Ivamy,41,Non-binary,22679,Direct,Tirunelveli,Trichy,D1,10,2305,7/18/2025,Confirmed
868,Dulciana Parades,42,Female,83922,Tatkal,Hyderabad,Trichy,B1,56,701,7/14/2018,Waiting
869,Ferrel Camis,44,Male,1055,Online,Chennai,Tirunelveli,A2,46,280,10/10/2024,Confirmed
870,Binky Rookwell,39,Male,68565,Online,Tirunelveli,Madurai,S3,30,2174,10/27/2020,Confirmed
871,Normie Dunhill,6,Male,1843,Online,Bangalore,Hyderabad,B1,39,2335,5/1/2025,RAC
872,Meir Butting,59,Male,71402,Tatkal,Erode,Erode,S3,7,2338,5/21/2023,Cancelled
873,Rodrigo Riveles,59,Male,37991,Direct,Bangalore,Coimbatore,A2,59,2338,6/22/2020,RAC
874,Mateo Luttger,15,Male,1920,Counter,Erode,Madurai,S2,16,1157,3/26/2021,RAC
875,Sandi Macbeth,45,Female,14506,Tatkal,Madurai,Erode,S3,57,2393,10/7/2018,Confirmed
876,Maude Marqyes,58,Female,11975,Tatkal,Erode,Tirunelveli,A2,11,1730,9/30/2022,Confirmed
877,Nanon Kike,63,Bigender,68502,Online,Erode,Chennai,A1,72,299,7/21/2025,Confirmed
878,Jeremias Luckett,47,Male,31375,Direct,Coimbatore,Madurai,S2,30,2423,2/27/2021,Waiting
879,Davey Antony,49,Non-binary,7179,Counter,Tirunelveli,Tirunelveli,A1,25,1910,1/29/2019,RAC
880,Rozalin St. Leger,40,Female,51896,Direct,Trichy,Chennai,S3,1,1004,9/5/2019,RAC
881,Courtenay Lineen,16,Female,93713,Online,Tirunelveli,Bangalore,S2,42,573,10/5/2020,Confirmed
882,Agustin Lubomirski,47,Male,31692,Counter,Hyderabad,Bangalore,D1,67,942,9/12/2018,Cancelled
883,Thorstein MacDougall,10,Male,39697,Counter,Chennai,Erode,D1,66,2139,4/12/2024,Confirmed
884,Christi Clinkard,46,Female,56677,Online,Salem,Trichy,D1,15,676,7/3/2018,Cancelled
885,Joleen Paule,53,Female,63259,Tatkal,Salem,Salem,D1,63,2388,9/4/2021,Confirmed
886,Thorny Caney,54,Male,84764,Direct,Bangalore,Erode,A2,66,1525,9/22/2023,RAC
887,Coreen Stoter,35,Female,50626,Tatkal,Coimbatore,Bangalore,A1,4,2365,10/24/2025,Confirmed
888,Monti Sunners,11,Male,92786,Online,Hyderabad,Salem,D1,10,343,11/21/2024,Confirmed
889,Anastassia Eschelle,24,Polygender,82573,Tatkal,Coimbatore,Madurai,S3,16,978,1/5/2025,RAC
890,Elfrida Chatelot,71,Female,96462,Direct,Coimbatore,Trichy,A2,68,1093,11/28/2022,RAC
891,Christal Critch,27,Female,60286,Direct,Hyderabad,Madurai,A2,70,1233,1/17/2023,Confirmed
892,Glenn Maasz,36,Male,48391,Online,Bangalore,Trichy,S3,5,104,7/19/2022,Cancelled
893,Hall Westnage,13,Male,44650,Tatkal,Hyderabad,Chennai,S3,46,2193,11/17/2019,Cancelled
894,Albert Jewel,57,Male,38266,Tatkal,Tirunelveli,Hyderabad,D1,57,1539,11/11/2025,Confirmed
895,D'arcy Rickford,70,Male,1428,Tatkal,Coimbatore,Hyderabad,S1,53,956,5/27/2024,Waiting
896,Gothart Quarmby,11,Male,44156,Counter,Madurai,Trichy,A1,13,622,7/21/2018,Confirmed
897,Albert Liver,64,Male,56702,Counter,Madurai,Erode,A1,69,953,10/3/2020,RAC
898,Ferdy Schott,51,Bigender,93303,Counter,Coimbatore,Madurai,D1,59,1793,10/24/2023,Confirmed
899,Lorita Labes,63,Female,74462,Online,Madurai,Chennai,S2,23,116,12/18/2024,RAC
900,Oneida Hamsson,49,Female,7938,Counter,Salem,Hyderabad,S2,40,2240,4/22/2021,Confirmed
901,Erda Crowche,56,Female,32092,Online,Erode,Coimbatore,S1,1,1449,7/16/2018,RAC
902,Blair Acreman,24,Male,59232,Direct,Trichy,Tirunelveli,B1,44,1632,11/19/2020,RAC
903,Benedikt Ravenscroftt,73,Male,77242,Tatkal,Chennai,Chennai,A2,53,2185,2/10/2019,Cancelled
904,Darleen Blare,58,Female,52386,Counter,Salem,Coimbatore,D1,42,1574,1/12/2020,Cancelled
905,Sheela Waistell,15,Female,15935,Direct,Tirunelveli,Trichy,S2,36,2447,9/22/2019,RAC
906,Lesley Carff,58,Female,74166,Tatkal,Hyderabad,Coimbatore,A1,34,1776,10/24/2020,Cancelled
907,Jacinta Segrave,51,Female,93761,Online,Madurai,Trichy,A2,31,2125,3/6/2025,RAC
908,Flor Whyard,76,Genderqueer,89150,Tatkal,Bangalore,Hyderabad,B1,14,1085,8/16/2020,Confirmed
909,Filbert Brookfield,72,Male,97340,Counter,Trichy,Salem,A2,71,1168,12/19/2018,RAC
910,Carlynne Garric,32,Female,77283,Counter,Bangalore,Salem,B1,71,1835,1/22/2022,RAC
911,Starlin Older,6,Female,54486,Counter,Tirunelveli,Tirunelveli,B1,45,826,8/25/2018,Cancelled
912,Lilias Cahn,25,Bigender,52528,Counter,Erode,Bangalore,A2,48,1230,7/3/2022,Waiting
913,Benetta Mattessen,37,Female,92632,Online,Coimbatore,Erode,A1,1,464,10/19/2024,RAC
914,Van Baptist,76,Female,27246,Tatkal,Chennai,Trichy,B1,41,1995,9/10/2024,Cancelled
915,Edgardo Bernhard,52,Male,22785,Direct,Trichy,Chennai,S2,49,544,2/3/2023,Waiting
916,Dion Burnard,70,Genderqueer,40547,Direct,Madurai,Erode,A1,23,900,12/13/2022,RAC
917,Miof mela Hackford,58,Non-binary,16813,Tatkal,Coimbatore,Chennai,A2,33,845,12/14/2024,RAC
918,Myron Povele,27,Male,47123,Online,Coimbatore,Trichy,S2,37,188,5/8/2020,Confirmed
919,Preston Dumini,6,Male,77199,Tatkal,Salem,Coimbatore,B1,38,2331,6/7/2019,Waiting
920,Huntington Sollett,56,Male,88562,Online,Salem,Madurai,A2,40,1428,3/4/2022,RAC
921,Zedekiah Hakking,30,Male,67476,Tatkal,Chennai,Coimbatore,A2,19,569,8/16/2021,Waiting
922,Bernie Artist,61,Male,83700,Tatkal,Bangalore,Trichy,B1,31,1268,4/25/2023,Waiting
923,Maryl Perch,33,Female,91095,Direct,Chennai,Coimbatore,A1,39,1587,4/21/2024,Confirmed
924,Ikey Busst,37,Male,30915,Tatkal,Madurai,Bangalore,S2,16,351,12/8/2021,Confirmed
925,Goran Pulham,59,Male,49197,Online,Trichy,Chennai,A1,4,1230,11/19/2018,RAC
926,Bonnibelle Nanson,79,Female,52273,Online,Erode,Hyderabad,D1,71,132,12/17/2021,Confirmed
927,Berkley Pusey,28,Agender,90096,Direct,Coimbatore,Chennai,S1,66,609,11/27/2025,RAC
928,Vivianna Mebes,41,Female,7404,Online,Tirunelveli,Coimbatore,S2,70,1906,3/6/2024,Confirmed
929,Alysia Heare,31,Female,76424,Counter,Salem,Salem,A1,4,1951,1/9/2021,Cancelled
930,Brandice Bayston,25,Female,73120,Tatkal,Trichy,Salem,B1,56,1206,1/11/2020,Confirmed
931,Adolphus Oliva,80,Polygender,32288,Online,Salem,Salem,S3,27,1824,1/29/2026,Confirmed
932,Guthry Halliberton,14,Male,6291,Online,Salem,Erode,A1,18,1849,3/10/2021,RAC
933,Hilton Ganderton,50,Male,93725,Online,Bangalore,Tirunelveli,S2,8,1991,1/25/2023,Confirmed
934,Dev Skill,6,Male,2223,Counter,Bangalore,Madurai,A1,67,1994,2/24/2024,Cancelled
935,Bartlet Lias,20,Male,10582,Direct,Erode,Salem,A2,69,328,10/26/2024,Cancelled
936,Belicia Rahlof,50,Female,7942,Direct,Trichy,Madurai,S1,31,573,6/29/2024,Confirmed
937,Dougy Dyson,56,Male,70207,Counter,Bangalore,Chennai,S2,7,1310,6/27/2021,Confirmed
938,Collin Thing,61,Male,37686,Online,Trichy,Madurai,B1,21,2369,8/29/2020,RAC
939,Zorana Ivison,29,Female,92565,Tatkal,Tirunelveli,Trichy,B1,42,934,3/31/2023,Waiting
940,Stephana Reaney,69,Female,86895,Counter,Trichy,Tirunelveli,S3,53,1445,2/3/2026,Confirmed
941,Delores Shortell,80,Female,18502,Direct,Bangalore,Chennai,S3,36,721,9/24/2024,Confirmed
942,Thorin Hafner,19,Male,76580,Direct,Trichy,Trichy,S3,1,1321,2/19/2026,Confirmed
943,Rodolfo Darnbrough,44,Male,24278,Tatkal,Trichy,Bangalore,A2,63,2078,11/9/2019,RAC
944,Davy Simoncello,76,Male,86887,Direct,Hyderabad,Hyderabad,D1,8,1051,7/23/2025,Confirmed
945,Charita Waggitt,67,Female,30175,Counter,Hyderabad,Trichy,S1,32,771,3/28/2022,Waiting
946,Tiertza Neilan,37,Female,95466,Direct,Trichy,Tirunelveli,S1,5,1145,5/30/2019,Confirmed
947,Raoul Epelett,69,Male,95370,Tatkal,Hyderabad,Coimbatore,S2,11,1275,8/5/2025,Cancelled
948,Ezekiel Bockings,33,Non-binary,30866,Tatkal,Coimbatore,Coimbatore,S3,59,293,4/27/2025,Cancelled
949,Ethyl Kerswill,27,Bigender,53104,Counter,Madurai,Hyderabad,S2,45,972,11/5/2018,Waiting
950,Retha Tal,28,Female,24344,Tatkal,Madurai,Hyderabad,A2,14,1749,9/17/2023,Waiting
951,Benyamin Fergie,75,Male,2016,Tatkal,Erode,Salem,S2,15,1867,1/5/2025,Waiting
952,Rriocard Bacchus,17,Male,51997,Online,Tirunelveli,Bangalore,D1,61,2173,11/6/2018,Cancelled
953,Sonja Cottom,31,Female,41871,Direct,Erode,Salem,S2,24,1374,2/28/2024,Cancelled
954,Rachel Gout,32,Female,44381,Tatkal,Tirunelveli,Bangalore,A1,54,1030,5/22/2021,Confirmed
955,Rahal Aird,15,Female,12986,Direct,Tirunelveli,Tirunelveli,D1,41,2040,7/3/2018,Confirmed
956,Doug Vasyunkin,72,Male,62087,Tatkal,Erode,Erode,B1,27,1374,12/16/2018,Cancelled
957,Hynda Ruddell,8,Female,47455,Tatkal,Hyderabad,Tirunelveli,S2,8,1848,7/12/2025,RAC
958,Darline Wycherley,59,Female,8271,Direct,Tirunelveli,Hyderabad,D1,52,1208,7/19/2021,RAC
959,Zoe Jeynes,45,Female,62351,Online,Tirunelveli,Bangalore,A1,69,790,9/26/2019,Cancelled
960,Rutherford Tremble,45,Male,3133,Counter,Bangalore,Trichy,A1,46,820,10/7/2021,Confirmed
961,Obie Jolly,13,Male,21275,Counter,Tirunelveli,Trichy,S2,66,643,3/28/2020,RAC
962,Hi Kemp,10,Male,32510,Counter,Tirunelveli,Erode,S3,31,2305,11/17/2021,Confirmed
963,Dew Appleford,30,Male,92188,Direct,Madurai,Tirunelveli,S2,56,880,11/2/2022,Confirmed
964,Fanechka Walbrun,21,Female,80439,Tatkal,Tirunelveli,Hyderabad,A2,58,220,3/11/2021,Cancelled
965,Jamey Kealey,30,Male,41173,Tatkal,Hyderabad,Hyderabad,S3,46,1959,8/28/2019,Confirmed
966,Doug Geggus,50,Agender,82590,Online,Erode,Bangalore,A2,17,157,9/22/2020,Confirmed
967,Miltie Shevlane,16,Male,51863,Direct,Hyderabad,Madurai,B1,32,2133,2/21/2021,Confirmed
968,Terrel Rotherforth,39,Male,45244,Direct,Erode,Salem,S3,23,342,2/6/2023,Confirmed
969,Orelle Gaynesford,55,Polygender,87259,Direct,Bangalore,Salem,A2,51,1833,11/13/2023,RAC
970,Cornall Moralas,7,Male,25871,Online,Chennai,Trichy,A2,42,1411,9/23/2025,RAC
971,Cullan Sallery,66,Male,92029,Online,Hyderabad,Salem,S1,50,2197,10/28/2019,Cancelled
972,Gibby Van den Velden,75,Male,33944,Direct,Erode,Erode,A1,56,1156,2/22/2019,Waiting
973,Archer Kelloch,13,Male,64638,Online,Trichy,Salem,S2,54,1254,7/25/2022,Confirmed
974,Filide Oguz,78,Polygender,30569,Direct,Tirunelveli,Chennai,S1,19,989,1/31/2024,Confirmed
975,Royce Fifield,12,Male,93056,Tatkal,Coimbatore,Chennai,D1,1,1740,1/10/2026,Cancelled
976,Mae Chable,30,Female,87453,Online,Madurai,Erode,S2,1,1566,3/16/2019,Confirmed
977,Broddie Whiteford,20,Male,99714,Tatkal,Tirunelveli,Tirunelveli,A2,32,1439,10/1/2023,Confirmed
978,Shayna Este,56,Female,37660,Counter,Trichy,Madurai,A1,59,1601,3/24/2022,RAC
979,Jarvis Breen,33,Male,25703,Counter,Erode,Erode,S1,16,2434,4/21/2025,Cancelled
980,Amalie Milksop,77,Female,10639,Tatkal,Salem,Madurai,S1,1,1717,10/30/2022,Waiting
981,Claybourne Drohun,57,Male,49736,Tatkal,Hyderabad,Salem,S2,68,395,8/12/2018,Confirmed
982,Colet Forst,13,Male,45038,Tatkal,Salem,Tirunelveli,A1,50,1866,12/18/2023,Cancelled
983,Hershel Addekin,38,Male,58608,Tatkal,Trichy,Erode,A2,57,2446,5/16/2024,RAC
984,Saul Pearn,45,Male,92048,Online,Trichy,Coimbatore,S2,42,1849,9/24/2019,RAC
985,Shaylynn Leuren,29,Female,87203,Direct,Hyderabad,Chennai,A2,41,2070,5/1/2021,Confirmed
986,Bank Sex,73,Male,30692,Direct,Tirunelveli,Trichy,D1,59,996,10/24/2023,Confirmed
987,Arline Goeff,69,Agender,22859,Direct,Tirunelveli,Bangalore,D1,6,1742,11/24/2019,RAC
988,Francois Buttner,19,Male,46071,Direct,Salem,Bangalore,S1,7,2384,11/17/2020,Cancelled
989,Boyce Chichgar,5,Male,80717,Tatkal,Hyderabad,Salem,A1,32,1580,3/10/2026,Confirmed
990,Barth Siddeley,46,Male,43689,Direct,Madurai,Tirunelveli,A1,61,345,5/2/2025,Confirmed
991,Jessalyn Fawcett,34,Female,7945,Tatkal,Erode,Coimbatore,A1,69,1626,7/16/2023,Confirmed
992,Cassey Janicki,70,Female,23957,Online,Madurai,Erode,S1,47,2451,1/7/2025,RAC
993,Ada Dunmore,7,Female,96137,Online,Trichy,Coimbatore,S2,52,1637,7/14/2020,Cancelled
994,Demetri Easen,17,Male,87774,Online,Tirunelveli,Tirunelveli,S3,27,150,2/6/2020,RAC
995,Bennie Sterland,59,Male,28292,Tatkal,Hyderabad,Coimbatore,S1,63,2068,6/25/2023,Waiting
996,My Annion,66,Male,94373,Tatkal,Madurai,Trichy,S3,2,1925,8/30/2018,Cancelled
997,Ilyse Cracker,14,Female,38640,Online,Chennai,Bangalore,D1,27,2348,11/22/2020,Confirmed
998,Pasquale Nacci,77,Male,32527,Counter,Chennai,Madurai,S1,42,635,4/22/2020,Waiting
999,Gery Steggles,22,Non-binary,53787,Tatkal,Erode,Coimbatore,A1,63,481,4/2/2022,Confirmed
1000,Leticia Wiggins,32,Female,45431,Direct,Salem,Salem,A2,38,992,5/5/2019,Cancelled
